﻿<mockup version="4.8" minAllowVersion="4.8" ID="006AA56C-255F-E911-8D21-DCA90488C48F" platform="MtMobile" defaultW="375" defaultH="667" screenOrientation="MoPortrait" mobileScreenScale="1.77777779102325" measureW="375" measureH="667" clipArea="(0,0,0,0)">
  <controls controlCount="39">
    <control controlID="1A5F58D3-6304-4973-8B14-4BE42AB5471C" controlTypeID="StatusBar(IOS)" x="0" y="0" w="375" h="20" zOrder="0">
      <caption>iOS+Status+Bar</caption>
      <color>4284900966</color>
    </control>
    <control controlID="13EF0E5B-B2EA-45E7-8947-19AED88F3484" controlTypeID="Shape" x="0" y="20" w="375" h="44" zOrder="1">
      <caption>Shape</caption>
      <color>4284900966</color>
      <borderVisible>False</borderVisible>
      <font family="%E5%BE%AE%E8%BD%AF%E9%9B%85%E9%BB%91" displayName="%E5%BE%AE%E8%BD%AF%E9%9B%85%E9%BB%91+Bold" postScript="" weightStyle="" weight="700" isBold="True" isItalic="False"/>
      <text>%E5%AF%BB%E6%89%BE%E5%8C%B9%E9%85%8D</text>
      <textColor>4294967295</textColor>
      <textSize>18</textSize>
      <lineSpacing>21</lineSpacing>
      <textStyles>[fsBold]</textStyles>
      <useDefaultTextSize>False</useDefaultTextSize>
      <selectedIndex>-1</selectedIndex>
    </control>
    <control controlID="65B74AB6-8D9B-44A0-AC8F-FB82DAEEEEEC" controlTypeID="Icon" x="8" y="32" w="20" h="20" zOrder="2">
      <caption>Icon</caption>
      <color>4294967295</color>
      <links eventType="AtClick" animate="AmPushRight" animateAutoDelay="0" animateDuration="500">
        <link targetPageID="A4FE4D28-15E0-4D85-BC58-7CFC8D686A1F" linkType="ltPageLink" isApplyIncludePage="False" title="%E9%A6%96%E9%A1%B5">
          <area shape="0" alt="" ID="{1F31960F-5B65-4C7D-8CA8-42E6266E1725}" coords="(0,0,20,20)"/>
        </link>
      </links>
      <icon>
        <ID/>
        <iconFontName>jdIonicons</iconFontName>
        <iconCode>62418</iconCode>
      </icon>
      <URL>91852B86E51F760894554368302F9800.svg</URL>
    </control>
    <control controlID="97CA6A46-081F-4AEA-92E3-B9714DDBD933" controlTypeID="Icon" x="48" y="34" w="16" h="16" zOrder="3">
      <caption>Icon</caption>
      <color>4294967295</color>
      <links eventType="AtClick" animate="AmNone" animateAutoDelay="0" animateDuration="500">
        <link targetPageID="0E06F3F2-769C-49FE-8C8F-9B6C88465918" linkType="ltPageLink" isApplyIncludePage="False" title="%E5%B0%8F%E7%A8%8B%E5%BA%8F%E5%88%97%E8%A1%A8">
          <area shape="0" alt="" ID="{1F31960F-5B65-4C7D-8CA8-42E6266E1725}" coords="(0,0,16,16)"/>
        </link>
      </links>
      <icon>
        <ID/>
        <iconFontName>jdIonicons</iconFontName>
        <iconCode>62167</iconCode>
      </icon>
      <URL>8BE3C7AC8FBB1747163ECAB9AB46AD44.svg</URL>
    </control>
    <control controlID="1CB368EC-7A5D-41C7-A7F4-17B41057BE4D" controlTypeID="Icon" x="343" y="34" w="20" h="20" zOrder="4">
      <caption>Icon</caption>
      <color>4294967295</color>
      <interactiveData>
        <entry title="">
          <area shape="0" alt="" ID="{45DC7953-5243-469B-B717-73DFE2434849}" coords="(0,0,20,20)"/>
          <events title="">
            <event eventType="atClick" isChecked="True">
              <behaviour title="" isChecked="True" isWait="False" isLoop="False" execMode="emParallel">
                <target targetID="3A451519-3AC3-412E-903B-E403E68EA810" isChecked="True" isAutoRecovery="False" isLoop="False" execMode="emSequence">
                  <command name="Popup State Change" isChecked="True" descrition="">
                    <param name="AniInterpolation" value="0" varType="3" description=""/>
                    <param name="AniDuration" value="200" varType="3" description=""/>
                    <param name="AniAutoReverse" value="False" varType="11" description=""/>
                    <param name="AniLoop" value="False" varType="11" description=""/>
                    <param name="AniInterpolationTypeOut" value="False" varType="11" description=""/>
                    <param name="Delay" value="0" varType="3" description=""/>
                    <param name="Value" value="2" varType="3" description=""/>
                    <param name="AniType" value="0" varType="3" description=""/>
                  </command>
                </target>
              </behaviour>
            </event>
          </events>
        </entry>
      </interactiveData>
      <icon>
        <ID/>
        <iconFontName>jdIonicons</iconFontName>
        <iconCode>62570</iconCode>
      </icon>
      <URL>1851334699A24A872953194B7F3E40D6.svg</URL>
    </control>
    <control controlID="82EF74FC-BA65-44C3-99B7-CEF90D0320B8" controlTypeID="Shape" x="10" y="74" w="355" h="30" zOrder="5">
      <borderVisible>False</borderVisible>
      <font family="%E5%BE%AE%E8%BD%AF%E9%9B%85%E9%BB%91" displayName="%E5%BE%AE%E8%BD%AF%E9%9B%85%E9%BB%91" postScript="" weightStyle="" weight="400" isBold="False" isItalic="False"/>
      <textSize>14</textSize>
      <lineSpacing>17</lineSpacing>
      <selectedIndex>-1</selectedIndex>
      <radius>4</radius>
    </control>
    <control controlID="675E8CD3-A856-4A4A-802F-E1C66BEEF63A" controlTypeID="ScrollView" x="0" y="114" w="375" h="515" zOrder="6">
      <borderVisible>False</borderVisible>
      <groupChildrenDescriptors>
        <control controlID="6C62DE03-F359-44AB-97D4-67907FDE1347" controlTypeID="ScrollViewContentPanel" x="0" y="0" w="375" h="519" zOrder="0">
          <caption>%E6%BB%9A%E5%8A%A8%E5%8C%BA%E5%86%85%E5%AE%B9%E5%B1%82</caption>
          <alias>contentPanel</alias>
          <groupChildrenDescriptors>
            <control controlID="09EFF847-36B4-47BE-AE90-29B111D57AE1" controlTypeID="__group__" x="0" y="0" w="374" h="101" zOrder="0">
              <groupChildrenDescriptors>
                <control controlID="735855B6-347B-4FF0-BA35-41FFD8376845" controlTypeID="Image" x="0" y="0" w="100" h="100" zOrder="0"/>
                <control controlID="31C4F18F-EE9F-412E-AA8D-B6A0492C739A" controlTypeID="Label" x="110" y="27" w="38" h="23" zOrder="1">
                  <font family="%E5%BE%AE%E8%BD%AF%E9%9B%85%E9%BB%91" displayName="%E5%BE%AE%E8%BD%AF%E9%9B%85%E9%BB%91" postScript="" weightStyle="" weight="400" isBold="False" isItalic="False"/>
                  <text>%E6%9D%8E%E7%90%B3</text>
                  <textColor>4288256409</textColor>
                  <textSize>16</textSize>
                  <textVAlign>VaTop</textVAlign>
                  <lineSpacing>20</lineSpacing>
                  <useDefaultTextSize>False</useDefaultTextSize>
                  <selectedIndex>-1</selectedIndex>
                </control>
                <control controlID="A506579C-4FCB-4C0A-80DD-6CF022442956" controlTypeID="Label" x="110" y="49" w="40" h="23" zOrder="2">
                  <font family="%E5%BE%AE%E8%BD%AF%E9%9B%85%E9%BB%91" displayName="%E5%BE%AE%E8%BD%AF%E9%9B%85%E9%BB%91" postScript="" weightStyle="" weight="400" isBold="False" isItalic="False"/>
                  <text>25%E5%B2%81</text>
                  <textColor>4288256409</textColor>
                  <textSize>16</textSize>
                  <textVAlign>VaTop</textVAlign>
                  <lineSpacing>20</lineSpacing>
                  <useDefaultTextSize>False</useDefaultTextSize>
                  <selectedIndex>-1</selectedIndex>
                </control>
                <control controlID="32CED99C-2863-46D1-BFF6-2E8DC5153B0B" controlTypeID="Label" x="151" y="50" w="47" h="20" zOrder="3">
                  <font family="%E5%BE%AE%E8%BD%AF%E9%9B%85%E9%BB%91" displayName="%E5%BE%AE%E8%BD%AF%E9%9B%85%E9%BB%91" postScript="" weightStyle="" weight="400" isBold="False" isItalic="False"/>
                  <text>%E7%99%BD%E7%BE%8A%E5%BA%A7</text>
                  <textColor>4288256409</textColor>
                  <textVAlign>VaTop</textVAlign>
                  <lineSpacing>17</lineSpacing>
                  <useDefaultTextSize>False</useDefaultTextSize>
                  <selectedIndex>-1</selectedIndex>
                </control>
                <control controlID="F997B36C-2FE9-496D-AF4F-15DB51C21FBA" controlTypeID="Line" x="1" y="99" w="373" h="2" zOrder="4">
                  <color>4293190884</color>
                  <font family="%E5%BE%AE%E8%BD%AF%E9%9B%85%E9%BB%91" displayName="%E5%BE%AE%E8%BD%AF%E9%9B%85%E9%BB%91" postScript="" weightStyle="" weight="400" isBold="False" isItalic="False"/>
                  <textSize>14</textSize>
                  <lineSpacing>17</lineSpacing>
                  <selectedIndex>-1</selectedIndex>
                  <controlPoint>(187,1)</controlPoint>
                  <startPoint>(1,1)</startPoint>
                  <endPoint>(373,1)</endPoint>
                </control>
                <control controlID="DC7D24C7-575E-E911-B6F5-DCA90488C48F" controlTypeID="Label" x="213" y="50" w="19" h="20" zOrder="5">
                  <font family="%E5%BE%AE%E8%BD%AF%E9%9B%85%E9%BB%91" displayName="%E5%BE%AE%E8%BD%AF%E9%9B%85%E9%BB%91" postScript="" weightStyle="" weight="400" isBold="False" isItalic="False"/>
                  <text>%E5%A5%B3</text>
                  <textColor>4288256409</textColor>
                  <textVAlign>VaTop</textVAlign>
                  <lineSpacing>17</lineSpacing>
                  <useDefaultTextSize>False</useDefaultTextSize>
                  <selectedIndex>-1</selectedIndex>
                </control>
                <control controlID="F8F778F6-1E5F-E911-8D21-DCA90488C48F" controlTypeID="Label" x="244" y="27" w="111" h="20" zOrder="6">
                  <font family="%E5%BE%AE%E8%BD%AF%E9%9B%85%E9%BB%91" displayName="" postScript="" weightStyle="" weight="0" isBold="False" isItalic="False"/>
                  <text>%E5%89%A9%E4%BD%99%E6%8A%95%E9%80%92%E6%AC%A1%E6%95%B0%EF%BC%9A3</text>
                  <textColor>4288256409</textColor>
                  <lineSpacing>17</lineSpacing>
                  <selectedIndex>-1</selectedIndex>
                </control>
              </groupChildrenDescriptors>
            </control>
            <control controlID="10FD4E12-1F5F-E911-8D21-DCA90488C48F" controlTypeID="__group__" x="0" y="101" w="374" h="102" zOrder="1">
              <links eventType="AtClick" animate="AmNone" animateAutoDelay="0" animateDuration="500">
                <link targetPageID="DAC7F049-575E-E911-B6F5-DCA90488C48F" linkType="ltPageLink" isApplyIncludePage="False" title="%E5%80%99%E9%80%89%E4%BA%BA%E8%B5%84%E6%96%991">
                  <area shape="0" alt="" ID="{6426C991-255F-E911-8D21-DCA90488C48F}" coords="(0,0,374,102)"/>
                </link>
              </links>
              <groupChildrenDescriptors>
                <control controlID="AFC8775B-4E53-4D70-BA9A-15994D3CC43D" controlTypeID="Image" x="0" y="0" w="100" h="100" zOrder="0"/>
                <control controlID="DBC3AAF3-576D-4752-844A-510029B6AD56" controlTypeID="Label" x="110" y="24" w="38" h="23" zOrder="1">
                  <font family="%E5%BE%AE%E8%BD%AF%E9%9B%85%E9%BB%91" displayName="%E5%BE%AE%E8%BD%AF%E9%9B%85%E9%BB%91" postScript="" weightStyle="" weight="400" isBold="False" isItalic="False"/>
                  <text>%E7%89%9B%E5%9D%A4</text>
                  <textSize>16</textSize>
                  <textVAlign>VaTop</textVAlign>
                  <lineSpacing>20</lineSpacing>
                  <useDefaultTextSize>False</useDefaultTextSize>
                  <selectedIndex>-1</selectedIndex>
                </control>
                <control controlID="D2B78727-7EBE-4786-9A17-043961E9FE03" controlTypeID="Line" x="1" y="100" w="373" h="2" zOrder="2">
                  <color>4293190884</color>
                  <font family="%E5%BE%AE%E8%BD%AF%E9%9B%85%E9%BB%91" displayName="%E5%BE%AE%E8%BD%AF%E9%9B%85%E9%BB%91" postScript="" weightStyle="" weight="400" isBold="False" isItalic="False"/>
                  <textSize>14</textSize>
                  <lineSpacing>17</lineSpacing>
                  <selectedIndex>-1</selectedIndex>
                  <controlPoint>(187,1)</controlPoint>
                  <startPoint>(1,1)</startPoint>
                  <endPoint>(373,1)</endPoint>
                </control>
                <control controlID="3479D529-9E5B-E911-89AF-DCA90488C48F" controlTypeID="Label" x="112" y="51" w="40" h="23" zOrder="3">
                  <font family="%E5%BE%AE%E8%BD%AF%E9%9B%85%E9%BB%91" displayName="%E5%BE%AE%E8%BD%AF%E9%9B%85%E9%BB%91" postScript="" weightStyle="" weight="400" isBold="False" isItalic="False"/>
                  <text>30%E5%B2%81</text>
                  <textSize>16</textSize>
                  <textVAlign>VaTop</textVAlign>
                  <lineSpacing>20</lineSpacing>
                  <useDefaultTextSize>False</useDefaultTextSize>
                  <selectedIndex>-1</selectedIndex>
                </control>
                <control controlID="D479D529-9E5B-E911-89AF-DCA90488C48F" controlTypeID="Label" x="153" y="52" w="47" h="20" zOrder="4">
                  <font family="%E5%BE%AE%E8%BD%AF%E9%9B%85%E9%BB%91" displayName="%E5%BE%AE%E8%BD%AF%E9%9B%85%E9%BB%91" postScript="" weightStyle="" weight="400" isBold="False" isItalic="False"/>
                  <text>%E5%A4%84%E5%A5%B3%E5%BA%A7</text>
                  <textColor>4288256409</textColor>
                  <textVAlign>VaTop</textVAlign>
                  <lineSpacing>17</lineSpacing>
                  <useDefaultTextSize>False</useDefaultTextSize>
                  <selectedIndex>-1</selectedIndex>
                </control>
                <control controlID="28B212D1-575E-E911-B6F5-DCA90488C48F" controlTypeID="Label" x="215" y="52" w="19" h="20" zOrder="5">
                  <font family="%E5%BE%AE%E8%BD%AF%E9%9B%85%E9%BB%91" displayName="%E5%BE%AE%E8%BD%AF%E9%9B%85%E9%BB%91" postScript="" weightStyle="" weight="400" isBold="False" isItalic="False"/>
                  <text>%E7%94%B7</text>
                  <textColor>4288256409</textColor>
                  <textVAlign>VaTop</textVAlign>
                  <lineSpacing>17</lineSpacing>
                  <useDefaultTextSize>False</useDefaultTextSize>
                  <selectedIndex>-1</selectedIndex>
                </control>
                <control controlID="B62F6C08-1F5F-E911-8D21-DCA90488C48F" controlTypeID="Label" x="244" y="25" w="111" h="20" zOrder="6">
                  <font family="%E5%BE%AE%E8%BD%AF%E9%9B%85%E9%BB%91" displayName="" postScript="" weightStyle="" weight="0" isBold="False" isItalic="False"/>
                  <text>%E5%89%A9%E4%BD%99%E6%8A%95%E9%80%92%E6%AC%A1%E6%95%B0%EF%BC%9A2</text>
                  <lineSpacing>17</lineSpacing>
                  <selectedIndex>-1</selectedIndex>
                </control>
              </groupChildrenDescriptors>
            </control>
          </groupChildrenDescriptors>
        </control>
        <control controlID="3436216A-143C-4C1B-8D38-90CAD7C358B9" controlTypeID="Border" x="0" y="0" w="375" h="515" zOrder="1">
          <color>4284900966</color>
          <borderVisible>False</borderVisible>
          <borderColor>4278190080</borderColor>
          <alias>borderLayer</alias>
        </control>
      </groupChildrenDescriptors>
    </control>
    <control controlID="3CA90B67-0BF5-4FA5-94A0-6B51CBC3BF4E" controlTypeID="Icon" x="32" y="79" w="20" h="20" zOrder="7">
      <color>4288256409</color>
      <icon>
        <ID/>
        <iconFontName>jdIonicons</iconFontName>
        <iconCode>62628</iconCode>
      </icon>
      <URL>274F8E6597A0B62726A97F81B99D884E.svg</URL>
    </control>
    <control controlID="3A15A4E4-E9DD-4C6C-9E89-F6989E5D720B" controlTypeID="Shape" x="0" y="614" w="375" h="53" zOrder="8">
      <color>4281545523</color>
      <borderVisible>False</borderVisible>
      <font family="%E5%BE%AE%E8%BD%AF%E9%9B%85%E9%BB%91" displayName="%E5%BE%AE%E8%BD%AF%E9%9B%85%E9%BB%91" postScript="" weightStyle="" weight="400" isBold="False" isItalic="False"/>
      <textSize>14</textSize>
      <lineSpacing>17</lineSpacing>
      <selectedIndex>-1</selectedIndex>
    </control>
    <control controlID="486FA656-3F70-47A0-A9B6-1440A6C05F78" controlTypeID="Label" x="61" y="630" w="80" h="23" zOrder="9">
      <font family="%E5%BE%AE%E8%BD%AF%E9%9B%85%E9%BB%91" displayName="%E5%BE%AE%E8%BD%AF%E9%9B%85%E9%BB%91" postScript="" weightStyle="" weight="400" isBold="False" isItalic="False"/>
      <text>%E8%AF%84%E5%88%86+%E4%BD%8E-%E9%AB%98</text>
      <textColor>4294967295</textColor>
      <textSize>16</textSize>
      <textVAlign>VaTop</textVAlign>
      <lineSpacing>20</lineSpacing>
      <useDefaultTextSize>False</useDefaultTextSize>
      <selectedIndex>-1</selectedIndex>
    </control>
    <control controlID="BA070900-2E2C-47C4-8182-26AFBD29EE4E" controlTypeID="Label" x="227" y="630" w="80" h="23" zOrder="10">
      <font family="%E5%BE%AE%E8%BD%AF%E9%9B%85%E9%BB%91" displayName="%E5%BE%AE%E8%BD%AF%E9%9B%85%E9%BB%91" postScript="" weightStyle="" weight="400" isBold="False" isItalic="False"/>
      <text>%E5%B9%B4%E9%BE%84+%E4%BD%8E-%E9%AB%98</text>
      <textColor>4294967295</textColor>
      <textSize>16</textSize>
      <textVAlign>VaTop</textVAlign>
      <lineSpacing>20</lineSpacing>
      <useDefaultTextSize>False</useDefaultTextSize>
      <selectedIndex>-1</selectedIndex>
    </control>
    <control controlID="3A451519-3AC3-412E-903B-E403E68EA810" controlTypeID="PopupPanel" x="419" y="19" w="46" h="46" zOrder="11">
      <caption>%E6%9B%B4%E5%A4%9A</caption>
      <groupChildrenDescriptors>
        <control controlID="59E36C4A-BB83-4DC0-8AA6-5F994F7B7BB7" controlTypeID="Panel" x="0" y="0" w="375" h="667" zOrder="0">
          <locked>True</locked>
          <color>1879048192</color>
          <borderVisible>False</borderVisible>
          <canMove>False</canMove>
          <alias>background</alias>
          <groupChildrenDescriptors>
            <control controlID="E53B2714-9352-4F5F-A05A-FBF865409379" controlTypeID="Border" x="0" y="0" w="375" h="667" zOrder="0">
              <borderVisible>False</borderVisible>
              <alias>borderLayer</alias>
            </control>
          </groupChildrenDescriptors>
          <thinkness>1</thinkness>
        </control>
        <control controlID="0F15EFF5-EAC9-49E7-8A79-EA9D3ACF01E6" controlTypeID="PopupPanelContent" x="-1" y="511" w="376" h="156" zOrder="1">
          <color>16777215</color>
          <alias>content</alias>
          <groupChildrenDescriptors>
            <control controlID="CF11CEFE-9C77-40F4-BE46-12288348C872" controlTypeID="Shape" x="1" y="0" w="375" h="102" zOrder="0">
              <borderVisible>False</borderVisible>
              <font family="%E5%BE%AE%E8%BD%AF%E9%9B%85%E9%BB%91" displayName="%E5%BE%AE%E8%BD%AF%E9%9B%85%E9%BB%91" postScript="" weightStyle="" weight="400" isBold="False" isItalic="False"/>
              <textSize>14</textSize>
              <lineSpacing>17</lineSpacing>
              <selectedIndex>-1</selectedIndex>
            </control>
            <control controlID="00FB0B14-003D-4365-B178-B7DC5D43F0E8" controlTypeID="Shape" x="1" y="102" w="375" h="54" zOrder="1">
              <borderColor>4291611852</borderColor>
              <interactiveData>
                <entry title="">
                  <area shape="0" alt="" ID="{A1E4956D-6792-4DD0-B06B-DEAD9E3F8E95}" coords="(0,0,375,54)"/>
                  <events title="">
                    <event eventType="atClick" isChecked="True">
                      <behaviour title="" isChecked="True" isWait="False" isLoop="False" execMode="emParallel">
                        <target targetID="3A451519-3AC3-412E-903B-E403E68EA810" isChecked="True" isAutoRecovery="False" isLoop="False" execMode="emSequence">
                          <command name="Popup State Change" isChecked="True" descrition="">
                            <param name="AniInterpolation" value="0" varType="3" description=""/>
                            <param name="AniDuration" value="200" varType="3" description=""/>
                            <param name="AniAutoReverse" value="False" varType="11" description=""/>
                            <param name="AniLoop" value="False" varType="11" description=""/>
                            <param name="AniInterpolationTypeOut" value="False" varType="11" description=""/>
                            <param name="Delay" value="0" varType="3" description=""/>
                            <param name="Value" value="2" varType="3" description=""/>
                            <param name="AniType" value="0" varType="3" description=""/>
                          </command>
                        </target>
                      </behaviour>
                    </event>
                  </events>
                </entry>
              </interactiveData>
              <font family="%E5%BE%AE%E8%BD%AF%E9%9B%85%E9%BB%91" displayName="%E5%BE%AE%E8%BD%AF%E9%9B%85%E9%BB%91" postScript="" weightStyle="" weight="400" isBold="False" isItalic="False"/>
              <text>%E5%8F%96%E6%B6%88</text>
              <textSize>16</textSize>
              <lineSpacing>20</lineSpacing>
              <useDefaultTextSize>False</useDefaultTextSize>
              <selectedIndex>-1</selectedIndex>
              <borderMode>[bmTop]</borderMode>
              <thickness>6</thickness>
            </control>
            <control controlID="5CBF9F1D-C0EF-411A-AE0A-FA5807595BE8" controlTypeID="Image" x="99" y="13" w="25" h="25" zOrder="2">
              <URL>606A1CCA5FFE3E3A9E0C59A392DDEE4F.png</URL>
            </control>
            <control controlID="86530022-62BE-4FA6-B4DC-FFF5E31DB3F7" controlTypeID="Label" x="135" y="14" w="150" h="23" zOrder="3">
              <font family="%E5%BE%AE%E8%BD%AF%E9%9B%85%E9%BB%91" displayName="%E5%BE%AE%E8%BD%AF%E9%9B%85%E9%BB%91" postScript="" weightStyle="" weight="400" isBold="False" isItalic="False"/>
              <text>%E6%90%BA%E7%A8%8B%E9%85%92%E5%BA%97%E6%9C%BA%E7%A5%A8%E7%81%AB%E8%BD%A6%E7%A5%A8</text>
              <textSize>16</textSize>
              <textVAlign>VaTop</textVAlign>
              <lineSpacing>20</lineSpacing>
              <useDefaultTextSize>False</useDefaultTextSize>
              <selectedIndex>-1</selectedIndex>
            </control>
            <control controlID="AF02371B-C397-4ABC-A8D2-7551C830B847" controlTypeID="Label" x="132" y="65" w="118" h="23" zOrder="4">
              <interactiveData>
                <entry title="">
                  <area shape="0" alt="" ID="{31EA5FCD-21B4-452A-A2DE-12A75199F9F4}" coords="(0,0,118,23)"/>
                  <events title="">
                    <event eventType="atClick" isChecked="True">
                      <behaviour title="" isChecked="True" isWait="False" isLoop="False" execMode="emParallel">
                        <target targetID="3A451519-3AC3-412E-903B-E403E68EA810" isChecked="True" isAutoRecovery="False" isLoop="False" execMode="emSequence">
                          <command name="Popup State Change" isChecked="True" descrition="">
                            <param name="AniInterpolation" value="0" varType="3" description=""/>
                            <param name="AniDuration" value="200" varType="3" description=""/>
                            <param name="AniAutoReverse" value="False" varType="11" description=""/>
                            <param name="AniLoop" value="False" varType="11" description=""/>
                            <param name="AniInterpolationTypeOut" value="False" varType="11" description=""/>
                            <param name="Delay" value="0" varType="3" description=""/>
                            <param name="Value" value="2" varType="3" description=""/>
                            <param name="AniType" value="0" varType="3" description=""/>
                          </command>
                        </target>
                      </behaviour>
                    </event>
                  </events>
                </entry>
              </interactiveData>
              <font family="%E5%BE%AE%E8%BD%AF%E9%9B%85%E9%BB%91" displayName="%E5%BE%AE%E8%BD%AF%E9%9B%85%E9%BB%91" postScript="" weightStyle="" weight="400" isBold="False" isItalic="False"/>
              <text>%E6%98%BE%E7%A4%BA%E5%9C%A8%E8%81%8A%E5%A4%A9%E9%A1%B6%E9%83%A8</text>
              <textSize>16</textSize>
              <textVAlign>VaTop</textVAlign>
              <lineSpacing>20</lineSpacing>
              <useDefaultTextSize>False</useDefaultTextSize>
              <selectedIndex>-1</selectedIndex>
            </control>
            <control controlID="50AFCA15-C3D0-49D7-B4DF-AA4E53FB0407" controlTypeID="Line" x="0" y="51" w="376" h="1" zOrder="5">
              <color>4293190884</color>
              <font family="%E5%BE%AE%E8%BD%AF%E9%9B%85%E9%BB%91" displayName="%E5%BE%AE%E8%BD%AF%E9%9B%85%E9%BB%91" postScript="" weightStyle="" weight="400" isBold="False" isItalic="False"/>
              <textSize>14</textSize>
              <lineSpacing>17</lineSpacing>
              <selectedIndex>-1</selectedIndex>
              <controlPoint>(188,0)</controlPoint>
              <startPoint>(1,0)</startPoint>
              <endPoint>(376,0)</endPoint>
            </control>
          </groupChildrenDescriptors>
        </control>
      </groupChildrenDescriptors>
      <aniType_Mobile>aniMoveUp</aniType_Mobile>
      <isShowBackground>True</isShowBackground>
    </control>
  </controls>
  <param>
    <backgroundColor>4292730333</backgroundColor>
    <fontSize>14</fontSize>
    <fontFamily>%E5%BE%AE%E8%BD%AF%E9%9B%85%E9%BB%91</fontFamily>
    <guideLines/>
  </param>
</mockup>