﻿<mockup version="4.8" minAllowVersion="4.8" ID="94A78023-265F-E911-8D21-DCA90488C48F" platform="MtMobile" defaultW="375" defaultH="667" screenOrientation="MoPortrait" mobileScreenScale="1.77777779102325" measureW="375" measureH="667" clipArea="(0,0,0,0)">
  <controls controlCount="55">
    <control controlID="F80D9C1F-CE64-4E56-B65C-BD782D7EF073" controlTypeID="Icon" x="8" y="32" w="20" h="20" zOrder="0">
      <caption>Icon</caption>
      <color>4294967295</color>
      <links eventType="AtClick" animate="AmPushRight" animateAutoDelay="0" animateDuration="500">
        <link targetPageID="0C0FF049-575E-E911-B6F5-DCA90488C48F" linkType="ltPageLink" isApplyIncludePage="False" title="%E6%88%91%E7%9A%84%E5%8C%B9%E9%85%8D">
          <area shape="0" alt="" ID="{1F31960F-5B65-4C7D-8CA8-42E6266E1725}" coords="(0,0,20,20)"/>
        </link>
      </links>
      <icon>
        <ID/>
        <iconFontName>jdIonicons</iconFontName>
        <iconCode>62418</iconCode>
      </icon>
      <URL>91852B86E51F760894554368302F9800.svg</URL>
    </control>
    <control controlID="D61225DF-BD1C-4BB6-A2EC-2543AD5407EE" controlTypeID="Icon" x="48" y="34" w="16" h="16" zOrder="1">
      <caption>Icon</caption>
      <color>4294967295</color>
      <links eventType="AtClick" animate="AmNone" animateAutoDelay="0" animateDuration="500">
        <link targetPageID="0E06F3F2-769C-49FE-8C8F-9B6C88465918" linkType="ltPageLink" isApplyIncludePage="False" title="%E5%B0%8F%E7%A8%8B%E5%BA%8F%E5%88%97%E8%A1%A8">
          <area shape="0" alt="" ID="{1F31960F-5B65-4C7D-8CA8-42E6266E1725}" coords="(0,0,16,16)"/>
        </link>
      </links>
      <icon>
        <ID/>
        <iconFontName>jdIonicons</iconFontName>
        <iconCode>62167</iconCode>
      </icon>
      <URL>8BE3C7AC8FBB1747163ECAB9AB46AD44.svg</URL>
    </control>
    <control controlID="6E302DC7-A453-430E-88A4-4ECDDD500080" controlTypeID="Icon" x="343" y="32" w="20" h="20" zOrder="2">
      <caption>Icon</caption>
      <color>4294967295</color>
      <icon>
        <ID/>
        <iconFontName>jdIonicons</iconFontName>
        <iconCode>62570</iconCode>
      </icon>
      <URL>1851334699A24A872953194B7F3E40D6.svg</URL>
    </control>
    <control controlID="FEA30CB3-E493-4F5A-A87A-785354F19AE6" controlTypeID="StatusBar(IOS)" x="0" y="0" w="375" h="20" zOrder="3">
      <color>0</color>
    </control>
    <control controlID="4604C916-A2FE-4231-82F9-3414A5B7021A" controlTypeID="Label" x="140" y="30" w="96" h="26" zOrder="4">
      <caption>%E5%80%99%E9%80%89%E4%BA%BA</caption>
      <font family="%E5%BE%AE%E8%BD%AF%E9%9B%85%E9%BB%91" displayName="%E5%BE%AE%E8%BD%AF%E9%9B%85%E9%BB%91+Bold" postScript="" weightStyle="" weight="700" isBold="True" isItalic="False"/>
      <text>%E5%80%99%E9%80%89%E4%BA%BA%E8%B5%84%E6%96%99</text>
      <textColor>4294967295</textColor>
      <textSize>18</textSize>
      <textVAlign>VaTop</textVAlign>
      <lineSpacing>21</lineSpacing>
      <textStyles>[fsBold]</textStyles>
      <useDefaultTextSize>False</useDefaultTextSize>
      <selectedIndex>-1</selectedIndex>
    </control>
    <control controlID="A623A4B9-B55A-E911-8168-DCA90488C48F" controlTypeID="ScrollView" x="0" y="71" w="375" h="590" zOrder="5">
      <groupChildrenDescriptors>
        <control controlID="BE38A4B9-B55A-E911-8168-DCA90488C48F" controlTypeID="ScrollViewContentPanel" x="0" y="-120" w="418" h="710" zOrder="0">
          <caption>%E6%BB%9A%E5%8A%A8%E5%8C%BA%E5%86%85%E5%AE%B9%E5%B1%82</caption>
          <alias>contentPanel</alias>
          <groupChildrenDescriptors>
            <control controlID="3E054791-6F5C-E911-86C8-DCA90488C48F" controlTypeID="Panel" x="0" y="231" w="375" h="206" zOrder="0">
              <caption>%E5%9F%BA%E6%9C%AC%E4%BF%A1%E6%81%AF%E9%9D%A2%E6%9D%BF</caption>
              <groupChildrenDescriptors>
                <control controlID="F4AA2ACA-6F5C-E911-86C8-DCA90488C48F" controlTypeID="Label" x="10" y="6" w="78" h="26" zOrder="0">
                  <font family="%E5%BE%AE%E8%BD%AF%E9%9B%85%E9%BB%91" displayName="" postScript="" weightStyle="" weight="0" isBold="False" isItalic="False"/>
                  <text>%E5%9F%BA%E6%9C%AC%E4%BF%A1%E6%81%AF</text>
                  <textSize>18</textSize>
                  <lineSpacing>21</lineSpacing>
                  <textStyles>[fsBold]</textStyles>
                  <useDefaultTextSize>False</useDefaultTextSize>
                  <selectedIndex>-1</selectedIndex>
                </control>
                <control controlID="4EEC882A-705C-E911-86C8-DCA90488C48F" controlTypeID="Label" x="34" y="41" w="70" h="23" zOrder="1">
                  <font family="%E5%BE%AE%E8%BD%AF%E9%9B%85%E9%BB%91" displayName="" postScript="" weightStyle="" weight="0" isBold="False" isItalic="False"/>
                  <text>%E6%80%A7%E5%88%AB%EF%BC%9A%E7%94%B7</text>
                  <textSize>16</textSize>
                  <lineSpacing>20</lineSpacing>
                  <useDefaultTextSize>False</useDefaultTextSize>
                  <selectedIndex>-1</selectedIndex>
                </control>
                <control controlID="16A2D834-705C-E911-86C8-DCA90488C48F" controlTypeID="Label" x="140" y="41" w="72" h="23" zOrder="2">
                  <font family="%E5%BE%AE%E8%BD%AF%E9%9B%85%E9%BB%91" displayName="" postScript="" weightStyle="" weight="0" isBold="False" isItalic="False"/>
                  <text>%E5%B9%B4%E9%BE%84%EF%BC%9A30</text>
                  <textSize>16</textSize>
                  <lineSpacing>20</lineSpacing>
                  <useDefaultTextSize>False</useDefaultTextSize>
                  <selectedIndex>-1</selectedIndex>
                </control>
                <control controlID="F09FF83C-705C-E911-86C8-DCA90488C48F" controlTypeID="Label" x="240" y="41" w="86" h="23" zOrder="3">
                  <font family="%E5%BE%AE%E8%BD%AF%E9%9B%85%E9%BB%91" displayName="" postScript="" weightStyle="" weight="0" isBold="False" isItalic="False"/>
                  <text>%E8%BA%AB%E9%AB%98%EF%BC%9A1.81</text>
                  <textSize>16</textSize>
                  <lineSpacing>20</lineSpacing>
                  <useDefaultTextSize>False</useDefaultTextSize>
                  <selectedIndex>-1</selectedIndex>
                </control>
                <control controlID="10E02866-705C-E911-86C8-DCA90488C48F" controlTypeID="Label" x="34" y="77" w="102" h="23" zOrder="4">
                  <font family="%E5%BE%AE%E8%BD%AF%E9%9B%85%E9%BB%91" displayName="" postScript="" weightStyle="" weight="0" isBold="False" isItalic="False"/>
                  <text>%E7%8E%B0%E5%B1%85%E5%9C%B0%EF%BC%9A%E4%B8%8A%E6%B5%B7</text>
                  <textSize>16</textSize>
                  <lineSpacing>20</lineSpacing>
                  <useDefaultTextSize>False</useDefaultTextSize>
                  <selectedIndex>-1</selectedIndex>
                </control>
                <control controlID="92E02866-705C-E911-86C8-DCA90488C48F" controlTypeID="Label" x="140" y="77" w="86" h="23" zOrder="5">
                  <font family="%E5%BE%AE%E8%BD%AF%E9%9B%85%E9%BB%91" displayName="" postScript="" weightStyle="" weight="0" isBold="False" isItalic="False"/>
                  <text>%E7%88%B1%E5%A5%BD%EF%BC%9A%E6%B8%B8%E6%B3%B3</text>
                  <textSize>16</textSize>
                  <lineSpacing>20</lineSpacing>
                  <useDefaultTextSize>False</useDefaultTextSize>
                  <selectedIndex>-1</selectedIndex>
                </control>
                <control controlID="F6E02866-705C-E911-86C8-DCA90488C48F" controlTypeID="Label" x="240" y="77" w="134" h="23" zOrder="6">
                  <font family="%E5%BE%AE%E8%BD%AF%E9%9B%85%E9%BB%91" displayName="" postScript="" weightStyle="" weight="0" isBold="False" isItalic="False"/>
                  <text>%E6%95%99%E8%82%B2%E7%A8%8B%E5%BA%A6%EF%BC%9A%E7%A0%94%E7%A9%B6%E7%94%9F</text>
                  <textSize>16</textSize>
                  <lineSpacing>20</lineSpacing>
                  <useDefaultTextSize>False</useDefaultTextSize>
                  <selectedIndex>-1</selectedIndex>
                </control>
                <control controlID="321517C6-705C-E911-86C8-DCA90488C48F" controlTypeID="Label" x="34" y="110" w="86" h="23" zOrder="7">
                  <font family="%E5%BE%AE%E8%BD%AF%E9%9B%85%E9%BB%91" displayName="" postScript="" weightStyle="" weight="0" isBold="False" isItalic="False"/>
                  <text>%E6%98%9F%E5%BA%A7%EF%BC%9A%E5%A4%84%E5%A5%B3</text>
                  <textSize>16</textSize>
                  <lineSpacing>20</lineSpacing>
                  <useDefaultTextSize>False</useDefaultTextSize>
                  <selectedIndex>-1</selectedIndex>
                </control>
                <control controlID="AA1517C6-705C-E911-86C8-DCA90488C48F" controlTypeID="Label" x="140" y="110" w="69" h="23" zOrder="8">
                  <font family="%E5%BE%AE%E8%BD%AF%E9%9B%85%E9%BB%91" displayName="" postScript="" weightStyle="" weight="0" isBold="False" isItalic="False"/>
                  <text>%E8%A1%8C%E4%B8%9A%EF%BC%9AIT</text>
                  <textSize>16</textSize>
                  <lineSpacing>20</lineSpacing>
                  <useDefaultTextSize>False</useDefaultTextSize>
                  <selectedIndex>-1</selectedIndex>
                </control>
                <control controlID="B2CA2905-715C-E911-86C8-DCA90488C48F" controlTypeID="Label" x="34" y="143" w="175" h="20" zOrder="9">
                  <font family="%E5%BE%AE%E8%BD%AF%E9%9B%85%E9%BB%91" displayName="" postScript="" weightStyle="" weight="0" isBold="False" isItalic="False"/>
                  <text>%E5%BF%83%E5%8A%A8%E6%8F%90%E9%97%AE1%3A+%E4%BD%A0%E6%8E%A5%E5%8F%97%E5%85%BB%E7%8B%97%E5%90%97%EF%BC%9F</text>
                  <lineSpacing>17</lineSpacing>
                  <selectedIndex>-1</selectedIndex>
                </control>
                <control controlID="6E95ED19-715C-E911-86C8-DCA90488C48F" controlTypeID="Label" x="34" y="174" w="231" h="20" zOrder="10">
                  <font family="%E5%BE%AE%E8%BD%AF%E9%9B%85%E9%BB%91" displayName="" postScript="" weightStyle="" weight="0" isBold="False" isItalic="False"/>
                  <text>%E5%BF%83%E5%8A%A8%E6%8F%90%E9%97%AE2%3A+%E4%BD%A0%E6%9C%80%E5%96%9C%E6%AC%A2%E7%9A%84%E8%BF%90%E5%8A%A8%E6%98%AF%E4%BB%80%E4%B9%88%EF%BC%9F</text>
                  <lineSpacing>17</lineSpacing>
                  <selectedIndex>-1</selectedIndex>
                </control>
                <control controlID="289F4F82-D15E-E911-95DC-DCA90488C48F" controlTypeID="Line" x="-5" y="204" w="379" h="2" zOrder="11">
                  <font family="%E5%BE%AE%E8%BD%AF%E9%9B%85%E9%BB%91" displayName="" postScript="" weightStyle="" weight="0" isBold="False" isItalic="False"/>
                  <textSize>14</textSize>
                  <lineSpacing>17</lineSpacing>
                  <selectedIndex>-1</selectedIndex>
                  <controlPoint>(190,1)</controlPoint>
                  <startPoint>(1,1)</startPoint>
                  <endPoint>(379,1)</endPoint>
                </control>
                <control controlID="FC1E4791-6F5C-E911-86C8-DCA90488C48F" controlTypeID="Border" x="0" y="0" w="375" h="206" zOrder="12">
                  <caption>%E8%BE%B9%E6%A1%86</caption>
                  <alias>borderLayer</alias>
                </control>
              </groupChildrenDescriptors>
              <thinkness>1</thinkness>
            </control>
            <control controlID="0C4B6650-D05E-E911-95DC-DCA90488C48F" controlTypeID="__group__" x="-4" y="466" w="379" h="177" zOrder="1">
              <caption>%E6%88%91%E7%9A%84%E8%A6%81%E6%B1%82%E7%BB%84</caption>
              <groupChildrenDescriptors>
                <control controlID="844B6650-D05E-E911-95DC-DCA90488C48F" controlTypeID="__group__" x="14" y="0" w="365" h="159" zOrder="0">
                  <caption>%E6%88%91%E7%9A%84%E8%A6%81%E6%B1%82%E7%BB%84</caption>
                  <groupChildrenDescriptors>
                    <control controlID="DE4B6650-D05E-E911-95DC-DCA90488C48F" controlTypeID="Label" x="0" y="0" w="87" h="28" zOrder="0">
                      <caption>%E5%85%AC%E5%BC%80%E4%BF%A1%E6%81%AF</caption>
                      <font family="%E5%BE%AE%E8%BD%AF%E9%9B%85%E9%BB%91" displayName="" postScript="" weightStyle="" weight="0" isBold="False" isItalic="False"/>
                      <text>%E5%AF%B9%E8%B1%A1%E8%A6%81%E6%B1%82</text>
                      <textSize>20</textSize>
                      <lineSpacing>24</lineSpacing>
                      <textStyles>[fsBold]</textStyles>
                      <useDefaultTextSize>False</useDefaultTextSize>
                      <selectedIndex>-1</selectedIndex>
                    </control>
                    <control controlID="924C6650-D05E-E911-95DC-DCA90488C48F" controlTypeID="Label" x="9" y="54" w="54" h="23" zOrder="1">
                      <font family="%E5%BE%AE%E8%BD%AF%E9%9B%85%E9%BB%91" displayName="" postScript="" weightStyle="" weight="0" isBold="False" isItalic="False"/>
                      <text>%E6%80%A7%E5%88%AB%EF%BC%9A</text>
                      <textSize>16</textSize>
                      <lineSpacing>20</lineSpacing>
                      <useDefaultTextSize>False</useDefaultTextSize>
                      <selectedIndex>-1</selectedIndex>
                    </control>
                    <control controlID="EC4C6650-D05E-E911-95DC-DCA90488C48F" controlTypeID="TextInput" x="61" y="51" w="59" h="30" zOrder="2">
                      <font family="%E5%BE%AE%E8%BD%AF%E9%9B%85%E9%BB%91" displayName="" postScript="" weightStyle="" weight="0" isBold="False" isItalic="False"/>
                      <text>%E5%A5%B3</text>
                      <textSize>16</textSize>
                      <lineSpacing>20</lineSpacing>
                      <useDefaultTextSize>False</useDefaultTextSize>
                      <selectedIndex>-1</selectedIndex>
                    </control>
                    <control controlID="3C4D6650-D05E-E911-95DC-DCA90488C48F" controlTypeID="Label" x="9" y="94" w="70" h="23" zOrder="3">
                      <font family="%E5%BE%AE%E8%BD%AF%E9%9B%85%E9%BB%91" displayName="" postScript="" weightStyle="" weight="0" isBold="False" isItalic="False"/>
                      <text>%E5%B1%85%E4%BD%8F%E5%9C%B0%EF%BC%9A</text>
                      <textSize>16</textSize>
                      <lineSpacing>20</lineSpacing>
                      <useDefaultTextSize>False</useDefaultTextSize>
                      <selectedIndex>-1</selectedIndex>
                    </control>
                    <control controlID="8C4D6650-D05E-E911-95DC-DCA90488C48F" controlTypeID="TextInput" x="81" y="91" w="59" h="30" zOrder="4">
                      <font family="%E5%BE%AE%E8%BD%AF%E9%9B%85%E9%BB%91" displayName="" postScript="" weightStyle="" weight="0" isBold="False" isItalic="False"/>
                      <text>%E4%B8%8A%E6%B5%B7</text>
                      <textSize>16</textSize>
                      <lineSpacing>20</lineSpacing>
                      <useDefaultTextSize>False</useDefaultTextSize>
                      <selectedIndex>-1</selectedIndex>
                    </control>
                    <control controlID="E64D6650-D05E-E911-95DC-DCA90488C48F" controlTypeID="Label" x="179" y="94" w="86" h="23" zOrder="5">
                      <font family="%E5%BE%AE%E8%BD%AF%E9%9B%85%E9%BB%91" displayName="" postScript="" weightStyle="" weight="0" isBold="False" isItalic="False"/>
                      <text>%E6%95%99%E8%82%B2%E7%A8%8B%E5%BA%A6%EF%BC%9A</text>
                      <textSize>16</textSize>
                      <lineSpacing>20</lineSpacing>
                      <useDefaultTextSize>False</useDefaultTextSize>
                      <selectedIndex>-1</selectedIndex>
                    </control>
                    <control controlID="364E6650-D05E-E911-95DC-DCA90488C48F" controlTypeID="Label" x="9" y="132" w="54" h="23" zOrder="6">
                      <font family="%E5%BE%AE%E8%BD%AF%E9%9B%85%E9%BB%91" displayName="" postScript="" weightStyle="" weight="0" isBold="False" isItalic="False"/>
                      <text>%E8%BA%AB%E9%AB%98%EF%BC%9A</text>
                      <textSize>16</textSize>
                      <lineSpacing>20</lineSpacing>
                      <useDefaultTextSize>False</useDefaultTextSize>
                      <selectedIndex>-1</selectedIndex>
                    </control>
                    <control controlID="864E6650-D05E-E911-95DC-DCA90488C48F" controlTypeID="TextInput" x="61" y="129" w="52" h="30" zOrder="7">
                      <font family="%E5%BE%AE%E8%BD%AF%E9%9B%85%E9%BB%91" displayName="" postScript="" weightStyle="" weight="0" isBold="False" isItalic="False"/>
                      <text>168</text>
                      <textSize>16</textSize>
                      <lineSpacing>20</lineSpacing>
                      <useDefaultTextSize>False</useDefaultTextSize>
                      <selectedIndex>-1</selectedIndex>
                    </control>
                    <control controlID="D64E6650-D05E-E911-95DC-DCA90488C48F" controlTypeID="CompositeComboBox" x="268" y="85" w="97" h="39" zOrder="8">
                      <groupChildrenDescriptors>
                        <control controlID="624F6650-D05E-E911-95DC-DCA90488C48F" controlTypeID="TextInput" x="0" y="0" w="74" h="39" zOrder="0">
                          <locked>True</locked>
                          <canMove>False</canMove>
                          <alias>input</alias>
                          <font family="%E5%BE%AE%E8%BD%AF%E9%9B%85%E9%BB%91" displayName="" postScript="" weightStyle="" weight="0" isBold="False" isItalic="False" useDefaultFontFamily="False"/>
                          <text>%E6%97%A0</text>
                          <lineSpacing>17</lineSpacing>
                          <selectedIndex>-1</selectedIndex>
                        </control>
                        <control controlID="B24F6650-D05E-E911-95DC-DCA90488C48F" controlTypeID="Button" x="73" y="0" w="24" h="39" zOrder="1">
                          <locked>True</locked>
                          <canMove>False</canMove>
                          <alias>button</alias>
                          <font family="%E5%BE%AE%E8%BD%AF%E9%9B%85%E9%BB%91" displayName="" postScript="" weightStyle="" weight="0" isBold="False" isItalic="False"/>
                          <lineSpacing>17</lineSpacing>
                          <selectedIndex>-1</selectedIndex>
                          <radius>0</radius>
                        </control>
                        <control controlID="02506650-D05E-E911-95DC-DCA90488C48F" controlTypeID="List" x="0" y="39" w="97" h="312" zOrder="2">
                          <isShow>False</isShow>
                          <canMove>False</canMove>
                          <alias>dropDown</alias>
                          <font family="%E5%BE%AE%E8%BD%AF%E9%9B%85%E9%BB%91" displayName="" postScript="" weightStyle="" weight="0" isBold="False" isItalic="False" useDefaultFontFamily="False"/>
                          <text>%E6%97%A0%0A%E5%B0%8F%E5%AD%A6%0A%E5%88%9D%E4%B8%AD%0A%E9%AB%98%E4%B8%AD%0A%E5%A4%A7%E5%AD%A6%0A%E7%A0%94%E7%A9%B6%E7%94%9F%0A%E5%8D%9A%E5%A3%AB%0A%E5%8D%9A%E5%A3%AB%E5%90%8E</text>
                          <textSize>14</textSize>
                          <lineSpacing>17</lineSpacing>
                          <itemHeight>39</itemHeight>
                          <interlaceColor>4294967295</interlaceColor>
                        </control>
                      </groupChildrenDescriptors>
                      <font family=".AppleSystemUIFont"/>
                      <textSize>14</textSize>
                    </control>
                    <control controlID="A2506650-D05E-E911-95DC-DCA90488C48F" controlTypeID="Label" x="172" y="54" w="54" h="23" zOrder="9">
                      <font family="%E5%BE%AE%E8%BD%AF%E9%9B%85%E9%BB%91" displayName="" postScript="" weightStyle="" weight="0" isBold="False" isItalic="False"/>
                      <text>%E5%B9%B4%E9%BE%84%EF%BC%9A</text>
                      <textSize>16</textSize>
                      <lineSpacing>20</lineSpacing>
                      <useDefaultTextSize>False</useDefaultTextSize>
                      <selectedIndex>-1</selectedIndex>
                    </control>
                    <control controlID="F2506650-D05E-E911-95DC-DCA90488C48F" controlTypeID="TextInput" x="220" y="51" w="41" h="30" zOrder="10">
                      <font family="%E5%BE%AE%E8%BD%AF%E9%9B%85%E9%BB%91" displayName="" postScript="" weightStyle="" weight="0" isBold="False" isItalic="False"/>
                      <text>23</text>
                      <textSize>16</textSize>
                      <lineSpacing>20</lineSpacing>
                      <useDefaultTextSize>False</useDefaultTextSize>
                      <selectedIndex>-1</selectedIndex>
                    </control>
                    <control controlID="38516650-D05E-E911-95DC-DCA90488C48F" controlTypeID="TextInput" x="307" y="51" w="41" h="30" zOrder="11">
                      <font family="%E5%BE%AE%E8%BD%AF%E9%9B%85%E9%BB%91" displayName="" postScript="" weightStyle="" weight="0" isBold="False" isItalic="False"/>
                      <text>33</text>
                      <textSize>16</textSize>
                      <lineSpacing>20</lineSpacing>
                      <useDefaultTextSize>False</useDefaultTextSize>
                      <selectedIndex>-1</selectedIndex>
                    </control>
                    <control controlID="88516650-D05E-E911-95DC-DCA90488C48F" controlTypeID="Label" x="275" y="56" w="19" h="20" zOrder="12">
                      <font family="%E5%BE%AE%E8%BD%AF%E9%9B%85%E9%BB%91" displayName="" postScript="" weightStyle="" weight="0" isBold="False" isItalic="False"/>
                      <text>%E5%88%B0</text>
                      <lineSpacing>17</lineSpacing>
                      <selectedIndex>-1</selectedIndex>
                    </control>
                    <control controlID="D8516650-D05E-E911-95DC-DCA90488C48F" controlTypeID="TextInput" x="164" y="129" w="41" h="30" zOrder="13">
                      <font family="%E5%BE%AE%E8%BD%AF%E9%9B%85%E9%BB%91" displayName="" postScript="" weightStyle="" weight="0" isBold="False" isItalic="False"/>
                      <text>180</text>
                      <textSize>16</textSize>
                      <lineSpacing>20</lineSpacing>
                      <useDefaultTextSize>False</useDefaultTextSize>
                      <selectedIndex>-1</selectedIndex>
                    </control>
                    <control controlID="28526650-D05E-E911-95DC-DCA90488C48F" controlTypeID="Label" x="131" y="134" w="19" h="20" zOrder="14">
                      <font family="%E5%BE%AE%E8%BD%AF%E9%9B%85%E9%BB%91" displayName="" postScript="" weightStyle="" weight="0" isBold="False" isItalic="False"/>
                      <text>%E5%88%B0</text>
                      <lineSpacing>17</lineSpacing>
                      <selectedIndex>-1</selectedIndex>
                    </control>
                  </groupChildrenDescriptors>
                </control>
                <control controlID="78526650-D05E-E911-95DC-DCA90488C48F" controlTypeID="Line" x="0" y="175" w="379" h="2" zOrder="1">
                  <font family="%E5%BE%AE%E8%BD%AF%E9%9B%85%E9%BB%91" displayName="" postScript="" weightStyle="" weight="0" isBold="False" isItalic="False"/>
                  <textSize>14</textSize>
                  <lineSpacing>17</lineSpacing>
                  <selectedIndex>-1</selectedIndex>
                  <controlPoint>(190,1)</controlPoint>
                  <startPoint>(1,1)</startPoint>
                  <endPoint>(379,1)</endPoint>
                </control>
              </groupChildrenDescriptors>
            </control>
            <control controlID="DC72D5F7-D05E-E911-95DC-DCA90488C48F" controlTypeID="Panel" x="0" y="12" w="375" h="185" zOrder="2">
              <caption>%E7%BA%A2%E5%A8%98%E4%BB%AC</caption>
              <groupChildrenDescriptors>
                <control controlID="5473D5F7-D05E-E911-95DC-DCA90488C48F" controlTypeID="Label" x="10" y="6" w="42" h="26" zOrder="0">
                  <font family="%E5%BE%AE%E8%BD%AF%E9%9B%85%E9%BB%91" displayName="" postScript="" weightStyle="" weight="0" isBold="False" isItalic="False"/>
                  <text>%E9%B9%8A%E6%A1%A5</text>
                  <textSize>18</textSize>
                  <lineSpacing>21</lineSpacing>
                  <textStyles>[fsBold]</textStyles>
                  <useDefaultTextSize>False</useDefaultTextSize>
                  <selectedIndex>-1</selectedIndex>
                </control>
                <control controlID="A473D5F7-D05E-E911-95DC-DCA90488C48F" controlTypeID="Image" x="118" y="75" w="54" h="45" zOrder="1">
                  <caption>%E9%97%BA%E8%9C%9C%E5%A4%B4%E5%83%8F</caption>
                </control>
                <control controlID="F473D5F7-D05E-E911-95DC-DCA90488C48F" controlTypeID="Image" x="209" y="75" w="55" h="46" zOrder="2">
                  <caption>%E9%97%BA%E8%9C%9C%E6%9C%8B%E5%8F%8B%E5%A4%B4%E5%83%8F</caption>
                </control>
                <control controlID="9E74D5F7-D05E-E911-95DC-DCA90488C48F" controlTypeID="Icon" x="177" y="89" w="20" h="20" zOrder="3">
                  <icon>
                    <ID/>
                    <iconFontName>jdIonicons</iconFontName>
                    <iconCode>62223</iconCode>
                  </icon>
                  <URL>84E43FD667F4EA128EEFBAD7B03B51F5.svg</URL>
                </control>
                <control controlID="3E75D5F7-D05E-E911-95DC-DCA90488C48F" controlTypeID="Label" x="129" y="117" w="33" h="20" zOrder="4">
                  <font family="%E5%BE%AE%E8%BD%AF%E9%9B%85%E9%BB%91" displayName="" postScript="" weightStyle="" weight="0" isBold="False" isItalic="False"/>
                  <text>%E8%80%81%E5%88%98</text>
                  <lineSpacing>17</lineSpacing>
                  <selectedIndex>-1</selectedIndex>
                </control>
                <control controlID="9875D5F7-D05E-E911-95DC-DCA90488C48F" controlTypeID="Label" x="227" y="117" w="19" h="20" zOrder="5">
                  <font family="%E5%BE%AE%E8%BD%AF%E9%9B%85%E9%BB%91" displayName="" postScript="" weightStyle="" weight="0" isBold="False" isItalic="False"/>
                  <text>%E6%88%91</text>
                  <lineSpacing>17</lineSpacing>
                  <selectedIndex>-1</selectedIndex>
                </control>
                <control controlID="7009798D-D15E-E911-95DC-DCA90488C48F" controlTypeID="Line" x="0" y="183" w="379" h="2" zOrder="6">
                  <font family="%E5%BE%AE%E8%BD%AF%E9%9B%85%E9%BB%91" displayName="" postScript="" weightStyle="" weight="0" isBold="False" isItalic="False"/>
                  <textSize>14</textSize>
                  <lineSpacing>17</lineSpacing>
                  <selectedIndex>-1</selectedIndex>
                  <controlPoint>(190,1)</controlPoint>
                  <startPoint>(1,1)</startPoint>
                  <endPoint>(379,1)</endPoint>
                </control>
                <control controlID="1A9D1B36-255F-E911-8D21-DCA90488C48F" controlTypeID="Image" x="51" y="47" w="54" h="45" zOrder="7">
                  <caption>%E9%97%BA%E8%9C%9C%E5%A4%B4%E5%83%8F</caption>
                </control>
                <control controlID="885BBD3A-255F-E911-8D21-DCA90488C48F" controlTypeID="Label" x="62" y="100" w="33" h="20" zOrder="8">
                  <font family="%E5%BE%AE%E8%BD%AF%E9%9B%85%E9%BB%91" displayName="" postScript="" weightStyle="" weight="0" isBold="False" isItalic="False"/>
                  <text>%E7%89%9B%E5%9D%A4</text>
                  <lineSpacing>17</lineSpacing>
                  <selectedIndex>-1</selectedIndex>
                </control>
                <control controlID="4276D5F7-D05E-E911-95DC-DCA90488C48F" controlTypeID="Border" x="0" y="0" w="375" h="185" zOrder="9">
                  <caption>%E8%BE%B9%E6%A1%86</caption>
                  <alias>borderLayer</alias>
                </control>
              </groupChildrenDescriptors>
              <thinkness>1</thinkness>
            </control>
            <control controlID="D80091AC-215F-E911-8D21-DCA90488C48F" controlTypeID="Button" x="138" y="653" w="96" h="38" zOrder="3">
              <links eventType="AtClick" animate="AmNone" animateAutoDelay="0" animateDuration="500">
                <link targetPageID="006AA56C-255F-E911-8D21-DCA90488C48F" linkType="ltPageLink" isApplyIncludePage="False" title="%E7%89%B5%E7%BA%BF%E6%90%AD%E6%A1%A51">
                  <area shape="0" alt="" ID="{4E849DD4-255F-E911-8D21-DCA90488C48F}" coords="(0,0,96,38)"/>
                </link>
              </links>
              <font family="%E5%BE%AE%E8%BD%AF%E9%9B%85%E9%BB%91" displayName="" postScript="" weightStyle="" weight="0" isBold="False" isItalic="False"/>
              <text>%E7%89%B5%E7%BA%BF</text>
              <textSize>20</textSize>
              <lineSpacing>24</lineSpacing>
              <useDefaultTextSize>False</useDefaultTextSize>
              <selectedIndex>-1</selectedIndex>
            </control>
          </groupChildrenDescriptors>
        </control>
        <control controlID="F24FA4B9-B55A-E911-8168-DCA90488C48F" controlTypeID="Border" x="0" y="0" w="375" h="590" zOrder="1">
          <caption>%E8%BE%B9%E6%A1%86</caption>
          <color>4284900966</color>
          <borderColor>4278190080</borderColor>
          <alias>borderLayer</alias>
        </control>
      </groupChildrenDescriptors>
    </control>
  </controls>
  <param>
    <backgroundColor>4286151033</backgroundColor>
    <fontSize>14</fontSize>
    <fontFamily>%E5%BE%AE%E8%BD%AF%E9%9B%85%E9%BB%91</fontFamily>
    <guideLines/>
  </param>
</mockup>