﻿<mockup version="4.8" minAllowVersion="4.8" ID="96B0DC6D-569F-432E-AC35-CED163C8A5E7" platform="MtMobile" defaultW="375" defaultH="667" screenOrientation="MoPortrait" mobileScreenScale="1.77777779102325" measureW="375" measureH="667" clipArea="(0,0,0,0)">
  <controls controlCount="21">
    <control controlID="F766C984-4FF6-458F-9484-359DBE56AC0A" controlTypeID="StatusBar(IOS)" x="0" y="0" w="375" h="20" measuredW="342" measuredH="20" zOrder="0">
      <rotation>0</rotation>
      <alias/>
      <canMove>True</canMove>
      <isCommentCom>False</isCommentCom>
      <opacity>1</opacity>
      <status>MsEnabled</status>
      <isAutoSize>False</isAutoSize>
      <borderColor>4284900966</borderColor>
      <borderVisible>True</borderVisible>
      <color>4284900966</color>
      <IsAutoTextColor>True</IsAutoTextColor>
      <ForegroundColor>4294967295</ForegroundColor>
      <interactiveData>
        <entry title="">
          <area shape="0" alt="" ID="{96407C92-84E5-4F9B-87AA-A996E4E7AAAD}" coords="(0,0,375,20)"/>
          <events title=""/>
        </entry>
      </interactiveData>
      <links eventType="AtClick" animate="AmSlideUp" animateAutoDelay="0" animateDuration="500">
        <link targetPageID="" linkType="ltPageLink" isApplyIncludePage="False" title="Link">
          <area shape="0" alt="" ID="{A787830C-5F63-44C0-A1A9-93ECE2F371B0}" coords="(0,0,375,20)"/>
        </link>
      </links>
      <horizontalScrollbarProgress>0</horizontalScrollbarProgress>
      <horizontalScrollbarShow>False</horizontalScrollbarShow>
      <verticalScrollbarProgress>0</verticalScrollbarProgress>
      <verticalScrollbarShow>False</verticalScrollbarShow>
      <states/>
      <isShow>True</isShow>
      <caption>iOS+Status+Bar</caption>
      <locked>False</locked>
      <sizeLocked>False</sizeLocked>
    </control>
    <control controlID="2ABCAFE4-132B-4434-BBFB-744EEC323C11" controlTypeID="Shape" x="0" y="20" w="375" h="44" measuredW="120" measuredH="100" zOrder="1">
      <text>%E6%90%BA%E7%A8%8B%E6%97%85%E8%A1%8C%E7%BD%91-%E7%99%BB%E5%BD%95</text>
      <font family="%E5%BE%AE%E8%BD%AF%E9%9B%85%E9%BB%91" displayName="%E5%BE%AE%E8%BD%AF%E9%9B%85%E9%BB%91+Bold" postScript="" weightStyle="Bold" weight="700" isBold="True" isItalic="False"/>
      <useDefaultTextSize>False</useDefaultTextSize>
      <textStyles>[fsBold]</textStyles>
      <lineSpacing>24</lineSpacing>
      <textWordWrap>True</textWordWrap>
      <textVAlign>VaMiddle</textVAlign>
      <textAlign>HaCenter</textAlign>
      <lineSpacingMultiple>1</lineSpacingMultiple>
      <textSize>18</textSize>
      <textColor>4294967295</textColor>
      <rotation>0</rotation>
      <alias/>
      <canMove>True</canMove>
      <isCommentCom>False</isCommentCom>
      <opacity>1</opacity>
      <status>MsEnabled</status>
      <isAutoSize>False</isAutoSize>
      <borderColor>4284900966</borderColor>
      <borderVisible>False</borderVisible>
      <color>4284900966</color>
      <borderMode>[bmLeft,bmTop,bmRight,bmBottom]</borderMode>
      <thickness>1</thickness>
      <radiusIsPercent>False</radiusIsPercent>
      <radius>0</radius>
      <dashMode>SdSolid</dashMode>
      <triangleType>TdZero</triangleType>
      <shapeBorderType>SbRectangle</shapeBorderType>
      <textPadding>0</textPadding>
      <selectedColor>4282501083</selectedColor>
      <selectedIndex>-1</selectedIndex>
      <interactiveData>
        <entry title="">
          <area shape="0" alt="" ID="{E8635FEB-59F4-4439-BADD-5DB603CC77B6}" coords="(0,0,375,44)"/>
          <events title=""/>
        </entry>
      </interactiveData>
      <links eventType="AtClick" animate="AmSlideUp" animateAutoDelay="0" animateDuration="500">
        <link targetPageID="" linkType="ltPageLink" isApplyIncludePage="False" title="Link">
          <area shape="0" alt="" ID="{AF7E396F-D87A-4582-B1EA-90EBB6BC6127}" coords="(0,0,375,44)"/>
        </link>
      </links>
      <horizontalScrollbarProgress>0</horizontalScrollbarProgress>
      <horizontalScrollbarShow>False</horizontalScrollbarShow>
      <verticalScrollbarProgress>0</verticalScrollbarProgress>
      <verticalScrollbarShow>False</verticalScrollbarShow>
      <states/>
      <isShow>True</isShow>
      <caption>Shape</caption>
      <locked>False</locked>
      <sizeLocked>False</sizeLocked>
    </control>
    <control controlID="3BD8A814-2E94-445D-94DC-5E391577A066" controlTypeID="Icon" x="8" y="32" w="20" h="20" measuredW="32" measuredH="32" zOrder="2">
      <rotation>0</rotation>
      <alias/>
      <canMove>True</canMove>
      <isCommentCom>False</isCommentCom>
      <opacity>1</opacity>
      <status>MsEnabled</status>
      <isAutoSize>False</isAutoSize>
      <borderColor>4284900966</borderColor>
      <borderVisible>True</borderVisible>
      <color>4294967295</color>
      <flipVertical>False</flipVertical>
      <flipHorizontal>False</flipHorizontal>
      <URL>91852B86E51F760894554368302F9800.svg</URL>
      <icon>
        <ID/>
        <iconFontName>jdIonicons</iconFontName>
        <iconCode>62418</iconCode>
      </icon>
      <rotationAngle>TdZero</rotationAngle>
      <interactiveData>
        <entry title="">
          <area shape="0" alt="" ID="{45DC7953-5243-469B-B717-73DFE2434849}" coords="(0,0,20,20)"/>
          <events title=""/>
        </entry>
      </interactiveData>
      <links eventType="AtClick" animate="AmPushRight" animateAutoDelay="0" animateDuration="500">
        <link targetPageID="" linkType="ltPageLink" isApplyIncludePage="False" title="%E9%85%92%E5%BA%97%E8%AF%A6%E6%83%85">
          <area shape="0" alt="" ID="{1F31960F-5B65-4C7D-8CA8-42E6266E1725}" coords="(0,0,20,20)"/>
        </link>
      </links>
      <horizontalScrollbarProgress>0</horizontalScrollbarProgress>
      <horizontalScrollbarShow>False</horizontalScrollbarShow>
      <verticalScrollbarProgress>0</verticalScrollbarProgress>
      <verticalScrollbarShow>False</verticalScrollbarShow>
      <states/>
      <isShow>True</isShow>
      <caption>Icon</caption>
      <locked>False</locked>
      <sizeLocked>False</sizeLocked>
    </control>
    <control controlID="455CB53E-8C5D-4AAB-853E-4753A995AC0A" controlTypeID="Icon" x="48" y="34" w="16" h="16" measuredW="32" measuredH="32" zOrder="3">
      <rotation>0</rotation>
      <alias/>
      <canMove>True</canMove>
      <isCommentCom>False</isCommentCom>
      <opacity>1</opacity>
      <status>MsEnabled</status>
      <isAutoSize>False</isAutoSize>
      <borderColor>4284900966</borderColor>
      <borderVisible>True</borderVisible>
      <color>4294967295</color>
      <flipVertical>False</flipVertical>
      <flipHorizontal>False</flipHorizontal>
      <URL>8BE3C7AC8FBB1747163ECAB9AB46AD44.svg</URL>
      <icon>
        <ID/>
        <iconFontName>jdIonicons</iconFontName>
        <iconCode>62167</iconCode>
      </icon>
      <rotationAngle>TdZero</rotationAngle>
      <interactiveData>
        <entry title="">
          <area shape="0" alt="" ID="{45DC7953-5243-469B-B717-73DFE2434849}" coords="(0,0,16,16)"/>
          <events title=""/>
        </entry>
      </interactiveData>
      <links eventType="AtClick" animate="AmNone" animateAutoDelay="0" animateDuration="500">
        <link targetPageID="0E06F3F2-769C-49FE-8C8F-9B6C88465918" linkType="ltPageLink" isApplyIncludePage="False" title="%E5%B0%8F%E7%A8%8B%E5%BA%8F%E5%88%97%E8%A1%A8">
          <area shape="0" alt="" ID="{1F31960F-5B65-4C7D-8CA8-42E6266E1725}" coords="(0,0,16,16)"/>
        </link>
      </links>
      <horizontalScrollbarProgress>0</horizontalScrollbarProgress>
      <horizontalScrollbarShow>False</horizontalScrollbarShow>
      <verticalScrollbarProgress>0</verticalScrollbarProgress>
      <verticalScrollbarShow>False</verticalScrollbarShow>
      <states/>
      <isShow>True</isShow>
      <caption>Icon</caption>
      <locked>False</locked>
      <sizeLocked>False</sizeLocked>
    </control>
    <control controlID="3A60D89F-F2F1-40BD-929A-CEFC2FF92B1A" controlTypeID="Icon" x="343" y="34" w="20" h="20" measuredW="32" measuredH="32" zOrder="4">
      <rotation>0</rotation>
      <alias/>
      <canMove>True</canMove>
      <isCommentCom>False</isCommentCom>
      <opacity>1</opacity>
      <status>MsEnabled</status>
      <isAutoSize>False</isAutoSize>
      <borderColor>4284900966</borderColor>
      <borderVisible>True</borderVisible>
      <color>4294967295</color>
      <flipVertical>False</flipVertical>
      <flipHorizontal>False</flipHorizontal>
      <URL>1851334699A24A872953194B7F3E40D6.svg</URL>
      <icon>
        <ID/>
        <iconFontName>jdIonicons</iconFontName>
        <iconCode>62570</iconCode>
      </icon>
      <rotationAngle>TdZero</rotationAngle>
      <interactiveData>
        <entry title="">
          <area shape="0" alt="" ID="{45DC7953-5243-469B-B717-73DFE2434849}" coords="(0,0,20,20)"/>
          <events title=""/>
        </entry>
      </interactiveData>
      <links eventType="AtClick" animate="AmSlideUp" animateAutoDelay="0" animateDuration="500">
        <link targetPageID="" linkType="ltPageLink" isApplyIncludePage="False" title="Link">
          <area shape="0" alt="" ID="{1F31960F-5B65-4C7D-8CA8-42E6266E1725}" coords="(0,0,20,20)"/>
        </link>
      </links>
      <horizontalScrollbarProgress>0</horizontalScrollbarProgress>
      <horizontalScrollbarShow>False</horizontalScrollbarShow>
      <verticalScrollbarProgress>0</verticalScrollbarProgress>
      <verticalScrollbarShow>False</verticalScrollbarShow>
      <states/>
      <isShow>True</isShow>
      <caption>Icon</caption>
      <locked>False</locked>
      <sizeLocked>False</sizeLocked>
    </control>
    <control controlID="1082313A-2BA8-4991-96CA-9420F4B780AA" controlTypeID="Label" x="132" y="113" w="111" h="22" measuredW="0" measuredH="0" zOrder="5">
      <text>%E6%82%A8%E5%A5%BD%EF%BC%8C%E5%BE%AE%E4%BF%A1%E7%94%A8%E6%88%B7</text>
      <font family="%E5%BE%AE%E8%BD%AF%E9%9B%85%E9%BB%91" displayName="%E5%BE%AE%E8%BD%AF%E9%9B%85%E9%BB%91" postScript="" weightStyle="Regular" weight="400" isBold="False" isItalic="False"/>
      <useDefaultTextSize>False</useDefaultTextSize>
      <textStyles>[]</textStyles>
      <lineSpacing>21</lineSpacing>
      <textWordWrap>True</textWordWrap>
      <textVAlign>VaTop</textVAlign>
      <textAlign>HaLeft</textAlign>
      <lineSpacingMultiple>1</lineSpacingMultiple>
      <textSize>16</textSize>
      <textColor>4278190080</textColor>
      <rotation>0</rotation>
      <alias/>
      <canMove>True</canMove>
      <isCommentCom>False</isCommentCom>
      <opacity>1</opacity>
      <status>MsEnabled</status>
      <isAutoSize>True</isAutoSize>
      <borderColor>4284900966</borderColor>
      <borderVisible>True</borderVisible>
      <color>0</color>
      <textPadding>0</textPadding>
      <selectedColor>4282501083</selectedColor>
      <selectedIndex>-1</selectedIndex>
      <interactiveData>
        <entry title="">
          <area shape="0" alt="" ID="{DD2905FF-A11F-40B4-8EBB-3EBC185AA90A}" coords="(0,0,111,22)"/>
          <events title="">
            <event eventType="atLoad" isChecked="True">
              <behaviour title="" isChecked="True" isWait="False" isLoop="False" execMode="emParallel">
                <target targetID="AFD03470-2A05-44D6-8C21-BBEB009279F5" isChecked="True" isAutoRecovery="False" isLoop="False" execMode="emSequence">
                  <command name="Popup State Change" isChecked="True" descrition="">
                    <param name="AniInterpolation" value="0" varType="3" description=""/>
                    <param name="AniDuration" value="200" varType="3" description=""/>
                    <param name="AniAutoReverse" value="False" varType="11" description=""/>
                    <param name="AniLoop" value="False" varType="11" description=""/>
                    <param name="AniInterpolationTypeOut" value="False" varType="11" description=""/>
                    <param name="Delay" value="0" varType="3" description=""/>
                    <param name="Value" value="2" varType="3" description=""/>
                    <param name="AniType" value="0" varType="3" description=""/>
                  </command>
                </target>
              </behaviour>
            </event>
          </events>
        </entry>
      </interactiveData>
      <links eventType="AtClick" animate="AmPushLeft" animateAutoDelay="0" animateDuration="500">
        <link targetPageID="" linkType="ltPageLink" isApplyIncludePage="False" title="%E9%93%BE%E6%8E%A5">
          <area shape="0" alt="" ID="{C638831A-BB80-4305-81B8-E5808B4D794C}" coords="(0,0,111,22)"/>
        </link>
      </links>
      <horizontalScrollbarProgress>0</horizontalScrollbarProgress>
      <horizontalScrollbarShow>False</horizontalScrollbarShow>
      <verticalScrollbarProgress>0</verticalScrollbarProgress>
      <verticalScrollbarShow>False</verticalScrollbarShow>
      <states/>
      <isShow>True</isShow>
      <caption>%E5%8D%95%E8%A1%8C%E6%96%87%E5%AD%97</caption>
      <locked>False</locked>
      <sizeLocked>False</sizeLocked>
    </control>
    <control controlID="AFD03470-2A05-44D6-8C21-BBEB009279F5" controlTypeID="PopupPanel" x="468" y="265" w="46" h="46" measuredW="0" measuredH="0" zOrder="6">
      <rotation>0</rotation>
      <alias/>
      <canMove>True</canMove>
      <isCommentCom>False</isCommentCom>
      <opacity>1</opacity>
      <status>MsEnabled</status>
      <isAutoSize>False</isAutoSize>
      <borderColor>4284900966</borderColor>
      <borderVisible>False</borderVisible>
      <color>1879048192</color>
      <groupChildrenDescriptors>
        <control controlID="130EC529-D409-4003-8344-43763D5245D2" controlTypeID="Panel" x="0" y="0" w="375" h="667" measuredW="0" measuredH="0" zOrder="0">
          <rotation>0</rotation>
          <alias>background</alias>
          <canMove>False</canMove>
          <isCommentCom>False</isCommentCom>
          <opacity>1</opacity>
          <status>MsEnabled</status>
          <isAutoSize>False</isAutoSize>
          <borderColor>4284900966</borderColor>
          <borderVisible>False</borderVisible>
          <color>1879048192</color>
          <dashMode>SdSolid</dashMode>
          <thinkness>1</thinkness>
          <groupChildrenDescriptors>
            <control controlID="3AA8DEC8-44FA-4B9E-AEA4-13DCCA8B8960" controlTypeID="Border" x="0" y="0" w="375" h="667" measuredW="0" measuredH="0" zOrder="0">
              <rotation>0</rotation>
              <alias>borderLayer</alias>
              <canMove>True</canMove>
              <isCommentCom>False</isCommentCom>
              <opacity>1</opacity>
              <status>MsEnabled</status>
              <isAutoSize>False</isAutoSize>
              <borderColor>4284900966</borderColor>
              <borderVisible>False</borderVisible>
              <color>4294967295</color>
              <dashMode>SdSolid</dashMode>
              <thickness>1</thickness>
              <interactiveData>
                <entry title="">
                  <area shape="0" alt="" ID="{E29398F8-66A3-46FB-B5EE-FD01D23325D3}" coords="(0,0,375,667)"/>
                  <events title=""/>
                </entry>
              </interactiveData>
              <links eventType="AtClick" animate="AmPushLeft" animateAutoDelay="0" animateDuration="500">
                <link targetPageID="" linkType="ltPageLink" isApplyIncludePage="False" title="%E9%93%BE%E6%8E%A5">
                  <area shape="0" alt="" ID="{1980D0C5-D078-45E6-A5F8-6EC03EE36F74}" coords="(0,0,375,667)"/>
                </link>
              </links>
              <horizontalScrollbarProgress>0</horizontalScrollbarProgress>
              <horizontalScrollbarShow>False</horizontalScrollbarShow>
              <verticalScrollbarProgress>0</verticalScrollbarProgress>
              <verticalScrollbarShow>False</verticalScrollbarShow>
              <states/>
              <isShow>True</isShow>
              <caption>Border</caption>
              <locked>True</locked>
              <sizeLocked>False</sizeLocked>
            </control>
          </groupChildrenDescriptors>
          <interactiveData>
            <entry title="">
              <area shape="0" alt="" ID="{08150CBA-5A9E-48B5-ADBC-29D3FD2F5AC6}" coords="(0,0,375,667)"/>
              <events title=""/>
            </entry>
          </interactiveData>
          <links eventType="AtClick" animate="AmPushLeft" animateAutoDelay="0" animateDuration="500">
            <link targetPageID="" linkType="ltPageLink" isApplyIncludePage="False" title="%E9%93%BE%E6%8E%A5">
              <area shape="0" alt="" ID="{91A29902-2F35-4E93-9C43-2C58F5E54FCA}" coords="(0,0,375,667)"/>
            </link>
          </links>
          <horizontalScrollbarProgress>0</horizontalScrollbarProgress>
          <horizontalScrollbarShow>False</horizontalScrollbarShow>
          <verticalScrollbarProgress>0</verticalScrollbarProgress>
          <verticalScrollbarShow>False</verticalScrollbarShow>
          <states/>
          <isShow>True</isShow>
          <caption>%E9%9D%A2%E6%9D%BF</caption>
          <locked>True</locked>
          <sizeLocked>False</sizeLocked>
        </control>
        <control controlID="8F885098-174A-4018-8EF7-46AF0664C656" controlTypeID="PopupPanelContent" x="32" y="206" w="315" h="264" measuredW="0" measuredH="0" zOrder="1">
          <rotation>0</rotation>
          <alias>content</alias>
          <canMove>True</canMove>
          <isCommentCom>False</isCommentCom>
          <opacity>1</opacity>
          <status>MsEnabled</status>
          <isAutoSize>False</isAutoSize>
          <borderColor>4284900966</borderColor>
          <borderVisible>False</borderVisible>
          <color>16777215</color>
          <groupChildrenDescriptors>
            <control controlID="B9F6BEC5-9F7F-488F-90FC-88423D01ADEA" controlTypeID="Shape" x="1" y="0" w="314" h="264" measuredW="120" measuredH="100" zOrder="0">
              <font family="%E5%BE%AE%E8%BD%AF%E9%9B%85%E9%BB%91" displayName="%E5%BE%AE%E8%BD%AF%E9%9B%85%E9%BB%91" postScript="" weightStyle="Regular" weight="400" isBold="False" isItalic="False"/>
              <useDefaultTextSize>True</useDefaultTextSize>
              <textStyles>[]</textStyles>
              <lineSpacing>16</lineSpacing>
              <textWordWrap>True</textWordWrap>
              <textVAlign>VaMiddle</textVAlign>
              <textAlign>HaCenter</textAlign>
              <lineSpacingMultiple>1</lineSpacingMultiple>
              <textSize>12</textSize>
              <textColor>4278190080</textColor>
              <rotation>0</rotation>
              <alias/>
              <canMove>True</canMove>
              <isCommentCom>False</isCommentCom>
              <opacity>1</opacity>
              <status>MsEnabled</status>
              <isAutoSize>False</isAutoSize>
              <borderColor>4284900966</borderColor>
              <borderVisible>False</borderVisible>
              <color>4294967295</color>
              <borderMode>[bmLeft,bmTop,bmRight,bmBottom]</borderMode>
              <thickness>1</thickness>
              <radiusIsPercent>False</radiusIsPercent>
              <radius>8</radius>
              <dashMode>SdSolid</dashMode>
              <triangleType>TdZero</triangleType>
              <shapeBorderType>SbRectangle</shapeBorderType>
              <textPadding>0</textPadding>
              <selectedColor>4282501083</selectedColor>
              <selectedIndex>-1</selectedIndex>
              <interactiveData>
                <entry title="">
                  <area shape="0" alt="" ID="{592CEA49-708C-4452-904E-C11F8ECCC6EB}" coords="(0,0,314,264)"/>
                  <events title=""/>
                </entry>
              </interactiveData>
              <links eventType="AtClick" animate="AmPushLeft" animateAutoDelay="0" animateDuration="500">
                <link targetPageID="" linkType="ltPageLink" isApplyIncludePage="False" title="%E9%93%BE%E6%8E%A5">
                  <area shape="0" alt="" ID="{98892927-FC6B-4993-BCC0-65D7503F58DD}" coords="(0,0,314,264)"/>
                </link>
              </links>
              <horizontalScrollbarProgress>0</horizontalScrollbarProgress>
              <horizontalScrollbarShow>False</horizontalScrollbarShow>
              <verticalScrollbarProgress>0</verticalScrollbarProgress>
              <verticalScrollbarShow>False</verticalScrollbarShow>
              <states/>
              <isShow>True</isShow>
              <caption>%E5%BD%A2%E7%8A%B6</caption>
              <locked>False</locked>
              <sizeLocked>False</sizeLocked>
            </control>
            <control controlID="2C0E7437-BB37-4954-9612-82850CD6DAD5" controlTypeID="Label" x="126" y="10" w="64" h="22" measuredW="0" measuredH="0" zOrder="1">
              <text>%E5%BE%AE%E4%BF%A1%E6%8E%88%E6%9D%83</text>
              <font family="%E5%BE%AE%E8%BD%AF%E9%9B%85%E9%BB%91" displayName="%E5%BE%AE%E8%BD%AF%E9%9B%85%E9%BB%91+Bold" postScript="" weightStyle="Bold" weight="700" isBold="True" isItalic="False"/>
              <useDefaultTextSize>False</useDefaultTextSize>
              <textStyles>[fsBold]</textStyles>
              <lineSpacing>21</lineSpacing>
              <textWordWrap>True</textWordWrap>
              <textVAlign>VaTop</textVAlign>
              <textAlign>HaLeft</textAlign>
              <lineSpacingMultiple>1</lineSpacingMultiple>
              <textSize>16</textSize>
              <textColor>4278190080</textColor>
              <rotation>0</rotation>
              <alias/>
              <canMove>True</canMove>
              <isCommentCom>False</isCommentCom>
              <opacity>1</opacity>
              <status>MsEnabled</status>
              <isAutoSize>True</isAutoSize>
              <borderColor>4284900966</borderColor>
              <borderVisible>True</borderVisible>
              <color>0</color>
              <textPadding>0</textPadding>
              <selectedColor>4282501083</selectedColor>
              <selectedIndex>-1</selectedIndex>
              <interactiveData>
                <entry title="">
                  <area shape="0" alt="" ID="{65F4F208-69EE-4F85-BC5B-D552A40598AD}" coords="(0,0,64,22)"/>
                  <events title=""/>
                </entry>
              </interactiveData>
              <links eventType="AtClick" animate="AmPushLeft" animateAutoDelay="0" animateDuration="500">
                <link targetPageID="" linkType="ltPageLink" isApplyIncludePage="False" title="%E9%93%BE%E6%8E%A5">
                  <area shape="0" alt="" ID="{8BA767BB-0EAE-4A31-B958-C773AB212342}" coords="(0,0,64,22)"/>
                </link>
              </links>
              <horizontalScrollbarProgress>0</horizontalScrollbarProgress>
              <horizontalScrollbarShow>False</horizontalScrollbarShow>
              <verticalScrollbarProgress>0</verticalScrollbarProgress>
              <verticalScrollbarShow>False</verticalScrollbarShow>
              <states/>
              <isShow>True</isShow>
              <caption>%E5%8D%95%E8%A1%8C%E6%96%87%E5%AD%97</caption>
              <locked>False</locked>
              <sizeLocked>False</sizeLocked>
            </control>
            <control controlID="369EEF06-74C5-4D0C-9820-78E0A092C913" controlTypeID="Line" x="0" y="47" w="315" h="1" measuredW="120" measuredH="120" zOrder="2">
              <font family="%E5%BE%AE%E8%BD%AF%E9%9B%85%E9%BB%91" displayName="%E5%BE%AE%E8%BD%AF%E9%9B%85%E9%BB%91" postScript="" weightStyle="Regular" weight="400" isBold="False" isItalic="False"/>
              <useDefaultTextSize>True</useDefaultTextSize>
              <textStyles>[]</textStyles>
              <lineSpacing>16</lineSpacing>
              <textWordWrap>True</textWordWrap>
              <textVAlign>VaTop</textVAlign>
              <textAlign>HaCenter</textAlign>
              <lineSpacingMultiple>1</lineSpacingMultiple>
              <textSize>12</textSize>
              <textColor>4278190080</textColor>
              <rotation>0</rotation>
              <alias/>
              <canMove>True</canMove>
              <isCommentCom>False</isCommentCom>
              <opacity>1</opacity>
              <status>MsEnabled</status>
              <isAutoSize>False</isAutoSize>
              <borderColor>4284900966</borderColor>
              <borderVisible>True</borderVisible>
              <color>4293190884</color>
              <isTextPosCenter>True</isTextPosCenter>
              <isCurved>True</isCurved>
              <showEndArrow>0</showEndArrow>
              <showStartArrow>0</showStartArrow>
              <textBorderColor>4284900966</textBorderColor>
              <textBackgroundColor>4294967295</textBackgroundColor>
              <dashMode>SdSolid</dashMode>
              <thickness>1</thickness>
              <endPoint>(315,0)</endPoint>
              <startPoint>(1,0)</startPoint>
              <controlPoint>(158,0)</controlPoint>
              <textPadding>0</textPadding>
              <selectedColor>4282501083</selectedColor>
              <selectedIndex>-1</selectedIndex>
              <interactiveData>
                <entry title="">
                  <area shape="0" alt="" ID="{500F40EE-139B-409F-B4C7-99132F357AA9}" coords="(0,0,315,1)"/>
                  <events title=""/>
                </entry>
              </interactiveData>
              <links eventType="AtClick" animate="AmPushLeft" animateAutoDelay="0" animateDuration="500">
                <link targetPageID="" linkType="ltPageLink" isApplyIncludePage="False" title="%E9%93%BE%E6%8E%A5">
                  <area shape="0" alt="" ID="{246BB166-8674-4AE7-AA2A-81F7E6740F71}" coords="(0,0,315,1)"/>
                </link>
              </links>
              <horizontalScrollbarProgress>0</horizontalScrollbarProgress>
              <horizontalScrollbarShow>False</horizontalScrollbarShow>
              <verticalScrollbarProgress>0</verticalScrollbarProgress>
              <verticalScrollbarShow>False</verticalScrollbarShow>
              <states/>
              <isShow>True</isShow>
              <caption>%E7%BA%BF%E6%AE%B5</caption>
              <locked>False</locked>
              <sizeLocked>False</sizeLocked>
            </control>
            <control controlID="8DEE9118-D78C-4487-A680-915186FA760D" controlTypeID="Line" x="44" y="156" w="225" h="1" measuredW="120" measuredH="120" zOrder="3">
              <font family="%E5%BE%AE%E8%BD%AF%E9%9B%85%E9%BB%91" displayName="%E5%BE%AE%E8%BD%AF%E9%9B%85%E9%BB%91" postScript="" weightStyle="Regular" weight="400" isBold="False" isItalic="False"/>
              <useDefaultTextSize>True</useDefaultTextSize>
              <textStyles>[]</textStyles>
              <lineSpacing>16</lineSpacing>
              <textWordWrap>True</textWordWrap>
              <textVAlign>VaTop</textVAlign>
              <textAlign>HaCenter</textAlign>
              <lineSpacingMultiple>1</lineSpacingMultiple>
              <textSize>12</textSize>
              <textColor>4278190080</textColor>
              <rotation>0</rotation>
              <alias/>
              <canMove>True</canMove>
              <isCommentCom>False</isCommentCom>
              <opacity>1</opacity>
              <status>MsEnabled</status>
              <isAutoSize>False</isAutoSize>
              <borderColor>4284900966</borderColor>
              <borderVisible>True</borderVisible>
              <color>4293190884</color>
              <isTextPosCenter>True</isTextPosCenter>
              <isCurved>True</isCurved>
              <showEndArrow>0</showEndArrow>
              <showStartArrow>0</showStartArrow>
              <textBorderColor>4284900966</textBorderColor>
              <textBackgroundColor>4294967295</textBackgroundColor>
              <dashMode>SdSolid</dashMode>
              <thickness>1</thickness>
              <endPoint>(225,0)</endPoint>
              <startPoint>(1,0)</startPoint>
              <controlPoint>(113,0)</controlPoint>
              <textPadding>0</textPadding>
              <selectedColor>4282501083</selectedColor>
              <selectedIndex>-1</selectedIndex>
              <interactiveData>
                <entry title="">
                  <area shape="0" alt="" ID="{500F40EE-139B-409F-B4C7-99132F357AA9}" coords="(0,0,225,1)"/>
                  <events title=""/>
                </entry>
              </interactiveData>
              <links eventType="AtClick" animate="AmPushLeft" animateAutoDelay="0" animateDuration="500">
                <link targetPageID="" linkType="ltPageLink" isApplyIncludePage="False" title="%E9%93%BE%E6%8E%A5">
                  <area shape="0" alt="" ID="{246BB166-8674-4AE7-AA2A-81F7E6740F71}" coords="(0,0,225,1)"/>
                </link>
              </links>
              <horizontalScrollbarProgress>0</horizontalScrollbarProgress>
              <horizontalScrollbarShow>False</horizontalScrollbarShow>
              <verticalScrollbarProgress>0</verticalScrollbarProgress>
              <verticalScrollbarShow>False</verticalScrollbarShow>
              <states/>
              <isShow>True</isShow>
              <caption>%E7%BA%BF%E6%AE%B5</caption>
              <locked>False</locked>
              <sizeLocked>False</sizeLocked>
            </control>
            <control controlID="8B8D3020-0DB8-4337-AE3C-BB088BEC118F" controlTypeID="Line" x="0" y="217" w="315" h="1" measuredW="120" measuredH="120" zOrder="4">
              <font family="%E5%BE%AE%E8%BD%AF%E9%9B%85%E9%BB%91" displayName="%E5%BE%AE%E8%BD%AF%E9%9B%85%E9%BB%91" postScript="" weightStyle="Regular" weight="400" isBold="False" isItalic="False"/>
              <useDefaultTextSize>True</useDefaultTextSize>
              <textStyles>[]</textStyles>
              <lineSpacing>16</lineSpacing>
              <textWordWrap>True</textWordWrap>
              <textVAlign>VaTop</textVAlign>
              <textAlign>HaCenter</textAlign>
              <lineSpacingMultiple>1</lineSpacingMultiple>
              <textSize>12</textSize>
              <textColor>4278190080</textColor>
              <rotation>0</rotation>
              <alias/>
              <canMove>True</canMove>
              <isCommentCom>False</isCommentCom>
              <opacity>1</opacity>
              <status>MsEnabled</status>
              <isAutoSize>False</isAutoSize>
              <borderColor>4284900966</borderColor>
              <borderVisible>True</borderVisible>
              <color>4293190884</color>
              <isTextPosCenter>True</isTextPosCenter>
              <isCurved>True</isCurved>
              <showEndArrow>0</showEndArrow>
              <showStartArrow>0</showStartArrow>
              <textBorderColor>4284900966</textBorderColor>
              <textBackgroundColor>4294967295</textBackgroundColor>
              <dashMode>SdSolid</dashMode>
              <thickness>1</thickness>
              <endPoint>(315,0)</endPoint>
              <startPoint>(1,0)</startPoint>
              <controlPoint>(158,0)</controlPoint>
              <textPadding>0</textPadding>
              <selectedColor>4282501083</selectedColor>
              <selectedIndex>-1</selectedIndex>
              <interactiveData>
                <entry title="">
                  <area shape="0" alt="" ID="{500F40EE-139B-409F-B4C7-99132F357AA9}" coords="(0,0,315,1)"/>
                  <events title=""/>
                </entry>
              </interactiveData>
              <links eventType="AtClick" animate="AmPushLeft" animateAutoDelay="0" animateDuration="500">
                <link targetPageID="" linkType="ltPageLink" isApplyIncludePage="False" title="%E9%93%BE%E6%8E%A5">
                  <area shape="0" alt="" ID="{246BB166-8674-4AE7-AA2A-81F7E6740F71}" coords="(0,0,315,1)"/>
                </link>
              </links>
              <horizontalScrollbarProgress>0</horizontalScrollbarProgress>
              <horizontalScrollbarShow>False</horizontalScrollbarShow>
              <verticalScrollbarProgress>0</verticalScrollbarProgress>
              <verticalScrollbarShow>False</verticalScrollbarShow>
              <states/>
              <isShow>True</isShow>
              <caption>%E7%BA%BF%E6%AE%B5</caption>
              <locked>False</locked>
              <sizeLocked>False</sizeLocked>
            </control>
            <control controlID="3CF7B4A0-45D5-4513-A7CB-6A9A9DF1B948" controlTypeID="Image" x="141" y="68" w="34" h="34" measuredW="150" measuredH="150" zOrder="5">
              <rotation>0</rotation>
              <alias/>
              <canMove>True</canMove>
              <isCommentCom>False</isCommentCom>
              <opacity>1</opacity>
              <status>MsEnabled</status>
              <isAutoSize>False</isAutoSize>
              <borderColor>4284900966</borderColor>
              <borderVisible>False</borderVisible>
              <color>4294967295</color>
              <showText>True</showText>
              <fitMode>fmStretch</fitMode>
              <flipVertical>False</flipVertical>
              <flipHorizontal>False</flipHorizontal>
              <URL>606A1CCA5FFE3E3A9E0C59A392DDEE4F.png</URL>
              <radiusIsPercent>False</radiusIsPercent>
              <radius>0</radius>
              <clipShapeType>SbRectangle</clipShapeType>
              <rotationAngle>TdZero</rotationAngle>
              <interactiveData>
                <entry title="">
                  <area shape="0" alt="" ID="{DCA13F5C-6441-4847-803C-38FA2874FC80}" coords="(0,0,34,34)"/>
                  <events title=""/>
                </entry>
              </interactiveData>
              <links eventType="AtClick" animate="AmPushLeft" animateAutoDelay="0" animateDuration="500">
                <link targetPageID="" linkType="ltPageLink" isApplyIncludePage="False" title="%E9%93%BE%E6%8E%A5">
                  <area shape="0" alt="" ID="{DE149D14-B633-4BB8-822A-2F754B301FC1}" coords="(0,0,34,34)"/>
                </link>
              </links>
              <horizontalScrollbarProgress>0</horizontalScrollbarProgress>
              <horizontalScrollbarShow>False</horizontalScrollbarShow>
              <verticalScrollbarProgress>0</verticalScrollbarProgress>
              <verticalScrollbarShow>False</verticalScrollbarShow>
              <states/>
              <isShow>True</isShow>
              <caption>%E5%9B%BE%E7%89%87</caption>
              <locked>False</locked>
              <sizeLocked>False</sizeLocked>
            </control>
            <control controlID="1E461393-39AF-47AB-ABAE-D1109B7E0F96" controlTypeID="TextArea" x="43" y="112" w="230" h="45" measuredW="0" measuredH="126" zOrder="6">
              <text>%E6%90%BA%E7%A8%8B%E9%85%92%E5%BA%97%E6%9C%BA%E7%A5%A8%E7%81%AB%E8%BD%A6%E7%A5%A8%E7%94%B3%E8%AF%B7%E8%8E%B7%E5%BE%97%E4%BB%A5%E4%B8%8B%E6%9D%83%E9%99%90%EF%BC%9A</text>
              <font family="%E5%BE%AE%E8%BD%AF%E9%9B%85%E9%BB%91" displayName="%E5%BE%AE%E8%BD%AF%E9%9B%85%E9%BB%91" postScript="" weightStyle="Regular" weight="400" isBold="False" isItalic="False"/>
              <useDefaultTextSize>False</useDefaultTextSize>
              <textStyles>[]</textStyles>
              <lineSpacing>20</lineSpacing>
              <textWordWrap>True</textWordWrap>
              <textVAlign>VaTop</textVAlign>
              <textAlign>HaLeft</textAlign>
              <lineSpacingMultiple>1</lineSpacingMultiple>
              <textSize>15</textSize>
              <textColor>4278190080</textColor>
              <rotation>0</rotation>
              <alias/>
              <canMove>True</canMove>
              <isCommentCom>False</isCommentCom>
              <opacity>1</opacity>
              <status>MsEnabled</status>
              <isAutoSize>False</isAutoSize>
              <borderColor>4284900966</borderColor>
              <borderVisible>False</borderVisible>
              <color>16777215</color>
              <textPadding>0</textPadding>
              <selectedColor>4282501083</selectedColor>
              <selectedIndex>-1</selectedIndex>
              <interactiveData>
                <entry title="">
                  <area shape="0" alt="" ID="{520A93DE-31E4-4845-9A62-A7ADD33ED038}" coords="(0,0,230,45)"/>
                  <events title=""/>
                </entry>
              </interactiveData>
              <links eventType="AtClick" animate="AmPushLeft" animateAutoDelay="0" animateDuration="500">
                <link targetPageID="" linkType="ltPageLink" isApplyIncludePage="False" title="%E9%93%BE%E6%8E%A5">
                  <area shape="0" alt="" ID="{5DD21C0D-7E89-4073-8108-046923361E46}" coords="(0,0,230,45)"/>
                </link>
              </links>
              <horizontalScrollbarProgress>0</horizontalScrollbarProgress>
              <horizontalScrollbarShow>False</horizontalScrollbarShow>
              <verticalScrollbarProgress>0</verticalScrollbarProgress>
              <verticalScrollbarShow>False</verticalScrollbarShow>
              <states/>
              <isShow>True</isShow>
              <caption>%E5%A4%9A%E8%A1%8C%E6%96%87%E5%AD%97</caption>
              <locked>False</locked>
              <sizeLocked>False</sizeLocked>
            </control>
            <control controlID="D8A3838F-27E2-4326-88D0-36E890541B93" controlTypeID="Label" x="43" y="170" w="217" h="18" measuredW="0" measuredH="0" zOrder="7">
              <text>%E2%80%A2++%E8%8E%B7%E5%BE%97%E4%BD%A0%E7%9A%84%E5%85%AC%E5%BC%80%E4%BF%A1%E6%81%AF%EF%BC%88%E6%98%B5%E7%A7%B0%E3%80%81%E5%A4%B4%E5%83%8F%E7%AD%89%EF%BC%89</text>
              <font family="%E5%BE%AE%E8%BD%AF%E9%9B%85%E9%BB%91" displayName="%E5%BE%AE%E8%BD%AF%E9%9B%85%E9%BB%91" postScript="" weightStyle="Regular" weight="400" isBold="False" isItalic="False"/>
              <useDefaultTextSize>False</useDefaultTextSize>
              <textStyles>[]</textStyles>
              <lineSpacing>17</lineSpacing>
              <textWordWrap>True</textWordWrap>
              <textVAlign>VaTop</textVAlign>
              <textAlign>HaLeft</textAlign>
              <lineSpacingMultiple>1</lineSpacingMultiple>
              <textSize>13</textSize>
              <textColor>4288256409</textColor>
              <rotation>0</rotation>
              <alias/>
              <canMove>True</canMove>
              <isCommentCom>False</isCommentCom>
              <opacity>1</opacity>
              <status>MsEnabled</status>
              <isAutoSize>True</isAutoSize>
              <borderColor>4284900966</borderColor>
              <borderVisible>True</borderVisible>
              <color>0</color>
              <textPadding>0</textPadding>
              <selectedColor>4282501083</selectedColor>
              <selectedIndex>-1</selectedIndex>
              <interactiveData>
                <entry title="">
                  <area shape="0" alt="" ID="{8EB09D21-C1A8-430C-873B-F2110F11380C}" coords="(0,0,217,18)"/>
                  <events title=""/>
                </entry>
              </interactiveData>
              <links eventType="AtClick" animate="AmPushLeft" animateAutoDelay="0" animateDuration="500">
                <link targetPageID="" linkType="ltPageLink" isApplyIncludePage="False" title="%E9%93%BE%E6%8E%A5">
                  <area shape="0" alt="" ID="{D296A5B3-0869-4969-9B6B-1C37711C9B44}" coords="(0,0,217,18)"/>
                </link>
              </links>
              <horizontalScrollbarProgress>0</horizontalScrollbarProgress>
              <horizontalScrollbarShow>False</horizontalScrollbarShow>
              <verticalScrollbarProgress>0</verticalScrollbarProgress>
              <verticalScrollbarShow>False</verticalScrollbarShow>
              <states/>
              <isShow>True</isShow>
              <caption>%E5%8D%95%E8%A1%8C%E6%96%87%E5%AD%97</caption>
              <locked>False</locked>
              <sizeLocked>False</sizeLocked>
            </control>
            <control controlID="99F74E6B-AC32-4631-8EC8-F529B3B504BD" controlTypeID="Line" x="156" y="218" w="1" h="46" measuredW="120" measuredH="120" zOrder="8">
              <font family="%E5%BE%AE%E8%BD%AF%E9%9B%85%E9%BB%91" displayName="%E5%BE%AE%E8%BD%AF%E9%9B%85%E9%BB%91" postScript="" weightStyle="Regular" weight="400" isBold="False" isItalic="False"/>
              <useDefaultTextSize>True</useDefaultTextSize>
              <textStyles>[]</textStyles>
              <lineSpacing>16</lineSpacing>
              <textWordWrap>True</textWordWrap>
              <textVAlign>VaTop</textVAlign>
              <textAlign>HaCenter</textAlign>
              <lineSpacingMultiple>1</lineSpacingMultiple>
              <textSize>12</textSize>
              <textColor>4278190080</textColor>
              <rotation>0</rotation>
              <alias/>
              <canMove>True</canMove>
              <isCommentCom>False</isCommentCom>
              <opacity>1</opacity>
              <status>MsEnabled</status>
              <isAutoSize>False</isAutoSize>
              <borderColor>4284900966</borderColor>
              <borderVisible>True</borderVisible>
              <color>4293190884</color>
              <isTextPosCenter>True</isTextPosCenter>
              <isCurved>True</isCurved>
              <showEndArrow>0</showEndArrow>
              <showStartArrow>0</showStartArrow>
              <textBorderColor>4284900966</textBorderColor>
              <textBackgroundColor>4294967295</textBackgroundColor>
              <dashMode>SdSolid</dashMode>
              <thickness>1</thickness>
              <endPoint>(0,46)</endPoint>
              <startPoint>(0,0)</startPoint>
              <controlPoint>(0,23)</controlPoint>
              <textPadding>0</textPadding>
              <selectedColor>4282501083</selectedColor>
              <selectedIndex>-1</selectedIndex>
              <interactiveData>
                <entry title="">
                  <area shape="0" alt="" ID="{BF6A6E45-E3A5-4CBB-864B-DE0482BC0AA2}" coords="(0,0,1,46)"/>
                  <events title=""/>
                </entry>
              </interactiveData>
              <links eventType="AtClick" animate="AmPushLeft" animateAutoDelay="0" animateDuration="500">
                <link targetPageID="" linkType="ltPageLink" isApplyIncludePage="False" title="%E9%93%BE%E6%8E%A5">
                  <area shape="0" alt="" ID="{A2256E55-08B5-42D9-A37C-0AFCCAFBC039}" coords="(0,0,1,46)"/>
                </link>
              </links>
              <horizontalScrollbarProgress>0</horizontalScrollbarProgress>
              <horizontalScrollbarShow>False</horizontalScrollbarShow>
              <verticalScrollbarProgress>0</verticalScrollbarProgress>
              <verticalScrollbarShow>False</verticalScrollbarShow>
              <states/>
              <isShow>True</isShow>
              <caption>%E7%BA%BF%E6%AE%B5</caption>
              <locked>False</locked>
              <sizeLocked>False</sizeLocked>
            </control>
            <control controlID="2DABD869-170C-4475-9CDE-690E75D84E4B" controlTypeID="Label" x="62" y="228" w="32" h="22" measuredW="0" measuredH="0" zOrder="9">
              <text>%E6%8B%92%E7%BB%9D</text>
              <font family="%E5%BE%AE%E8%BD%AF%E9%9B%85%E9%BB%91" displayName="%E5%BE%AE%E8%BD%AF%E9%9B%85%E9%BB%91" postScript="" weightStyle="Regular" weight="400" isBold="False" isItalic="False"/>
              <useDefaultTextSize>False</useDefaultTextSize>
              <textStyles>[]</textStyles>
              <lineSpacing>21</lineSpacing>
              <textWordWrap>True</textWordWrap>
              <textVAlign>VaTop</textVAlign>
              <textAlign>HaLeft</textAlign>
              <lineSpacingMultiple>1</lineSpacingMultiple>
              <textSize>16</textSize>
              <textColor>4284900966</textColor>
              <rotation>0</rotation>
              <alias/>
              <canMove>True</canMove>
              <isCommentCom>False</isCommentCom>
              <opacity>1</opacity>
              <status>MsEnabled</status>
              <isAutoSize>True</isAutoSize>
              <borderColor>4284900966</borderColor>
              <borderVisible>True</borderVisible>
              <color>0</color>
              <textPadding>0</textPadding>
              <selectedColor>4282501083</selectedColor>
              <selectedIndex>-1</selectedIndex>
              <interactiveData>
                <entry title="">
                  <area shape="0" alt="" ID="{D2AAA953-FC4B-40EE-8073-DA3D8A89CF95}" coords="(0,0,32,22)"/>
                  <events title=""/>
                </entry>
              </interactiveData>
              <links eventType="AtClick" animate="AmNone" animateAutoDelay="0" animateDuration="500">
                <link targetPageID="" linkType="ltPageLink" isApplyIncludePage="False" title="%E9%85%92%E5%BA%97%E8%AF%A6%E6%83%85">
                  <area shape="0" alt="" ID="{9C2041FE-1E44-45C8-8E6E-7FCA07DAF193}" coords="(0,0,32,22)"/>
                </link>
              </links>
              <horizontalScrollbarProgress>0</horizontalScrollbarProgress>
              <horizontalScrollbarShow>False</horizontalScrollbarShow>
              <verticalScrollbarProgress>0</verticalScrollbarProgress>
              <verticalScrollbarShow>False</verticalScrollbarShow>
              <states/>
              <isShow>True</isShow>
              <caption>%E5%8D%95%E8%A1%8C%E6%96%87%E5%AD%97</caption>
              <locked>False</locked>
              <sizeLocked>False</sizeLocked>
            </control>
            <control controlID="A3854CB9-C8C6-4195-9067-8EF5945ABE36" controlTypeID="Label" x="215" y="228" w="32" h="22" measuredW="0" measuredH="0" zOrder="10">
              <text>%E5%85%81%E8%AE%B8</text>
              <font family="%E5%BE%AE%E8%BD%AF%E9%9B%85%E9%BB%91" displayName="%E5%BE%AE%E8%BD%AF%E9%9B%85%E9%BB%91" postScript="" weightStyle="Regular" weight="400" isBold="False" isItalic="False"/>
              <useDefaultTextSize>False</useDefaultTextSize>
              <textStyles>[]</textStyles>
              <lineSpacing>21</lineSpacing>
              <textWordWrap>True</textWordWrap>
              <textVAlign>VaTop</textVAlign>
              <textAlign>HaLeft</textAlign>
              <lineSpacingMultiple>1</lineSpacingMultiple>
              <textSize>16</textSize>
              <textColor>4278190080</textColor>
              <rotation>0</rotation>
              <alias/>
              <canMove>True</canMove>
              <isCommentCom>False</isCommentCom>
              <opacity>1</opacity>
              <status>MsEnabled</status>
              <isAutoSize>True</isAutoSize>
              <borderColor>4284900966</borderColor>
              <borderVisible>True</borderVisible>
              <color>0</color>
              <textPadding>0</textPadding>
              <selectedColor>4282501083</selectedColor>
              <selectedIndex>-1</selectedIndex>
              <interactiveData>
                <entry title="">
                  <area shape="0" alt="" ID="{D2AAA953-FC4B-40EE-8073-DA3D8A89CF95}" coords="(0,0,32,22)"/>
                  <events title=""/>
                </entry>
              </interactiveData>
              <links eventType="AtClick" animate="AmPushLeft" animateAutoDelay="0" animateDuration="500">
                <link targetPageID="D77E96E0-A695-4435-8134-A67052B7E2F4" linkType="ltPageLink" isApplyIncludePage="False" title="%E6%89%8B%E6%9C%BA%E5%BF%AB%E6%8D%B7%E7%99%BB%E5%BD%95">
                  <area shape="0" alt="" ID="{9C2041FE-1E44-45C8-8E6E-7FCA07DAF193}" coords="(0,0,32,22)"/>
                </link>
              </links>
              <horizontalScrollbarProgress>0</horizontalScrollbarProgress>
              <horizontalScrollbarShow>False</horizontalScrollbarShow>
              <verticalScrollbarProgress>0</verticalScrollbarProgress>
              <verticalScrollbarShow>False</verticalScrollbarShow>
              <states/>
              <isShow>True</isShow>
              <caption>%E5%8D%95%E8%A1%8C%E6%96%87%E5%AD%97</caption>
              <locked>False</locked>
              <sizeLocked>False</sizeLocked>
            </control>
          </groupChildrenDescriptors>
          <interactiveData>
            <entry title="">
              <area shape="0" alt="" ID="{3D8B40D6-01EA-41A3-B6C5-F03BAFC27011}" coords="(0,0,375,667)"/>
              <events title=""/>
            </entry>
          </interactiveData>
          <links eventType="AtClick" animate="AmPushLeft" animateAutoDelay="0" animateDuration="500">
            <link targetPageID="" linkType="ltPageLink" isApplyIncludePage="False" title="%E9%93%BE%E6%8E%A5">
              <area shape="0" alt="" ID="{FDDC92FF-748B-4D4F-9E5B-0016CA91E3E7}" coords="(0,0,375,667)"/>
            </link>
          </links>
          <horizontalScrollbarProgress>0</horizontalScrollbarProgress>
          <horizontalScrollbarShow>False</horizontalScrollbarShow>
          <verticalScrollbarProgress>0</verticalScrollbarProgress>
          <verticalScrollbarShow>False</verticalScrollbarShow>
          <states/>
          <isShow>True</isShow>
          <caption>%E6%9C%AA%E7%9F%A5...</caption>
          <locked>True</locked>
          <sizeLocked>False</sizeLocked>
        </control>
      </groupChildrenDescriptors>
      <interactiveData>
        <entry title="">
          <area shape="0" alt="" ID="{AC4C2321-FF51-4C23-9979-40D9FA06C0E0}" coords="(0,0,46,46)"/>
          <events title=""/>
        </entry>
      </interactiveData>
      <links eventType="AtClick" animate="AmPushLeft" animateAutoDelay="0" animateDuration="500">
        <link targetPageID="" linkType="ltPageLink" isApplyIncludePage="False" title="%E9%93%BE%E6%8E%A5">
          <area shape="0" alt="" ID="{77525177-00AD-4639-A1D8-9E29F8EAECB4}" coords="(0,0,46,46)"/>
        </link>
      </links>
      <horizontalScrollbarProgress>0</horizontalScrollbarProgress>
      <horizontalScrollbarShow>False</horizontalScrollbarShow>
      <verticalScrollbarProgress>0</verticalScrollbarProgress>
      <verticalScrollbarShow>False</verticalScrollbarShow>
      <states/>
      <isBackgroundFade>False</isBackgroundFade>
      <aniType_Mobile>aniFade</aniType_Mobile>
      <aniType>dnNone</aniType>
      <closeByClickMode>cmNone</closeByClickMode>
      <closeByKeyModes>[kmEsc,kmEnter]</closeByKeyModes>
      <isShowBackground>True</isShowBackground>
      <delayBeforePopup>0</delayBeforePopup>
      <aniDuration>200</aniDuration>
      <positionPolicy>ppFree</positionPolicy>
      <positionMargin>0</positionMargin>
      <positionScreenMode>psCenter</positionScreenMode>
      <positionComMode>pcBottom</positionComMode>
      <isShow>True</isShow>
      <caption>%E5%BE%AE%E4%BF%A1%E6%8E%88%E6%9D%83</caption>
      <locked>False</locked>
      <sizeLocked>False</sizeLocked>
    </control>
  </controls>
  <param>
    <backgroundColor>4294967295</backgroundColor>
    <fontSize>0</fontSize>
    <fontFamily/>
    <guideLines/>
  </param>
</mockup>