﻿<mockup version="4.8" platform="MtMobile" defaultW="375" defaultH="667" from="FmLocal" screenOrientation="MoPortrait" mobileScreenScale="1.77777779102325" minAllowVersion="4.8" ID="A4FE4D28-15E0-4D85-BC58-7CFC8D686A1F" measureW="375" measureH="667" clipArea="(0,0,0,0)">
  <controls controlCount="29">
    <control controlID="882C03F0-E5E1-49D8-9E54-37EE421C331D" controlTypeID="StatusBar(IOS)" x="0" y="0" w="375" h="20" zOrder="0">
      <caption>iOS+Status+Bar</caption>
      <color>4284900966</color>
    </control>
    <control controlID="516BACDE-BCC4-47EB-B042-6255A9D0604E" controlTypeID="Shape" x="0" y="20" w="375" h="44" zOrder="1">
      <caption>Shape</caption>
      <color>4284900966</color>
      <borderVisible>False</borderVisible>
      <font family="%E5%BE%AE%E8%BD%AF%E9%9B%85%E9%BB%91" displayName="%E5%BE%AE%E8%BD%AF%E9%9B%85%E9%BB%91+Bold" postScript="" weightStyle="" weight="700" isBold="True" isItalic="False"/>
      <text>%E5%85%AD%E5%BA%A6%E7%BA%A2%E5%A8%98</text>
      <textColor>4294967295</textColor>
      <textSize>18</textSize>
      <lineSpacing>21</lineSpacing>
      <textStyles>[fsBold]</textStyles>
      <useDefaultTextSize>False</useDefaultTextSize>
      <selectedIndex>-1</selectedIndex>
    </control>
    <control controlID="8C80BE29-D8F0-4A07-B033-6BE6A7E7D762" controlTypeID="Icon" x="8" y="32" w="20" h="20" zOrder="2">
      <caption>Icon</caption>
      <color>4294967295</color>
      <links eventType="AtClick" animate="AmPushRight" animateAutoDelay="0" animateDuration="500">
        <link targetPageID="0E06F3F2-769C-49FE-8C8F-9B6C88465918" linkType="ltPageLink" isApplyIncludePage="False" title="%E5%B0%8F%E7%A8%8B%E5%BA%8F%E5%88%97%E8%A1%A8">
          <area shape="0" alt="" ID="{1F31960F-5B65-4C7D-8CA8-42E6266E1725}" coords="(0,0,20,20)"/>
        </link>
      </links>
      <icon>
        <ID/>
        <iconFontName>jdIonicons</iconFontName>
        <iconCode>62418</iconCode>
      </icon>
      <URL>91852B86E51F760894554368302F9800.svg</URL>
    </control>
    <control controlID="9D53C01E-C6B9-41E9-ADCB-16B05D652ADF" controlTypeID="Icon" x="343" y="34" w="20" h="20" zOrder="3">
      <caption>Icon</caption>
      <color>4294967295</color>
      <interactiveData>
        <entry title="">
          <area shape="0" alt="" ID="{45DC7953-5243-469B-B717-73DFE2434849}" coords="(0,0,20,20)"/>
          <events title="">
            <event eventType="atClick" isChecked="True">
              <behaviour title="" isChecked="True" isWait="False" isLoop="False" execMode="emParallel">
                <target targetID="343E1DD8-3083-46A3-9796-AD7E056A64A2" isChecked="True" isAutoRecovery="False" isLoop="False" execMode="emSequence">
                  <command name="Popup State Change" isChecked="True" descrition="">
                    <param name="AniInterpolation" value="0" varType="3" description=""/>
                    <param name="AniDuration" value="200" varType="3" description=""/>
                    <param name="AniAutoReverse" value="False" varType="11" description=""/>
                    <param name="AniLoop" value="False" varType="11" description=""/>
                    <param name="AniInterpolationTypeOut" value="False" varType="11" description=""/>
                    <param name="Delay" value="0" varType="3" description=""/>
                    <param name="Value" value="2" varType="3" description=""/>
                    <param name="AniType" value="0" varType="3" description=""/>
                  </command>
                </target>
              </behaviour>
            </event>
          </events>
        </entry>
      </interactiveData>
      <icon>
        <ID/>
        <iconFontName>jdIonicons</iconFontName>
        <iconCode>62570</iconCode>
      </icon>
      <URL>1851334699A24A872953194B7F3E40D6.svg</URL>
    </control>
    <control controlID="B807878C-2F6D-4BAB-B123-CF767B1E7E57" controlTypeID="__group__" x="10" y="76" w="353" h="87" zOrder="4">
      <links eventType="AtClick" animate="AmPushLeft" animateAutoDelay="0" animateDuration="500">
        <link targetPageID="5A93CC69-6CA8-4F77-9E9E-0E6070D03858" linkType="ltPageLink" isApplyIncludePage="False" title="%E6%88%91%E7%9A%84%E6%82%AC%E8%B5%8F">
          <area shape="0" alt="" ID="{E4238254-3F9B-4165-97EF-A0398B51339D}" coords="(0,0,353,87)"/>
        </link>
      </links>
      <groupChildrenDescriptors>
        <control controlID="7DBF90FB-F403-46CB-B3CE-CC316D606358" controlTypeID="Shape" x="0" y="0" w="353" h="87" zOrder="0">
          <caption>Shape</caption>
          <color>4288256409</color>
          <borderVisible>False</borderVisible>
          <links eventType="AtClick" animate="AmNone" animateAutoDelay="0" animateDuration="500">
            <link targetPageID="D1509F9C-23D9-4878-9F19-E57F9EC85CEE" linkType="ltPageLink" isApplyIncludePage="False" title="%E9%85%92%E5%BA%97">
              <area shape="0" alt="" ID="{28740154-D859-E911-AAFC-ACDE48001122}" coords="(0,0,353,87)"/>
            </link>
          </links>
          <font family="%E5%BE%AE%E8%BD%AF%E9%9B%85%E9%BB%91" displayName="%E5%BE%AE%E8%BD%AF%E9%9B%85%E9%BB%91" postScript="" weightStyle="" weight="400" isBold="False" isItalic="False"/>
          <textSize>14</textSize>
          <lineSpacing>17</lineSpacing>
          <selectedIndex>-1</selectedIndex>
          <radius>4</radius>
        </control>
        <control controlID="297A7128-964F-462C-A347-74D1DB190088" controlTypeID="Icon" x="20" y="14" w="59" h="59" zOrder="1">
          <caption>Icon</caption>
          <color>4291611852</color>
          <icon>
            <ID/>
            <iconFontName>jdIcoMoonFree</iconFontName>
            <iconCode>59716</iconCode>
          </icon>
          <URL>E9BC305766B471DFFF8260E11E938D6D.svg</URL>
        </control>
        <control controlID="7103CEA4-736A-4B30-9B21-46F4B54A3DFB" controlTypeID="Label" x="104" y="14" w="104" h="34" zOrder="2">
          <caption>Label</caption>
          <font family="%E5%BE%AE%E8%BD%AF%E9%9B%85%E9%BB%91" displayName="%E5%BE%AE%E8%BD%AF%E9%9B%85%E9%BB%91" postScript="" weightStyle="" weight="400" isBold="False" isItalic="False"/>
          <text>%E6%88%91%E7%9A%84%E6%82%AC%E8%B5%8F</text>
          <textColor>4294967295</textColor>
          <textSize>24</textSize>
          <textVAlign>VaTop</textVAlign>
          <lineSpacing>29</lineSpacing>
          <useDefaultTextSize>False</useDefaultTextSize>
          <selectedIndex>-1</selectedIndex>
        </control>
        <control controlID="8DA336F3-6C4E-459D-8130-0DC02219B2E0" controlTypeID="Icon" x="324" y="37" w="16" h="14" zOrder="3">
          <caption>Icon</caption>
          <icon>
            <ID/>
            <iconFontName>jdIonicons</iconFontName>
            <iconCode>62419</iconCode>
          </icon>
          <URL>2E967326C22523F5F084001B9F4E5BC7.svg</URL>
        </control>
      </groupChildrenDescriptors>
    </control>
    <control controlID="57160124-3E12-4066-9BEB-520D63854F7A" controlTypeID="__group__" x="10" y="173" w="353" h="87" zOrder="5">
      <links eventType="AtClick" animate="AmPushLeft" animateAutoDelay="0" animateDuration="500">
        <link targetPageID="0C0FF049-575E-E911-B6F5-DCA90488C48F" linkType="ltPageLink" isApplyIncludePage="False" title="%E7%89%B5%E7%BA%BF%E6%90%AD%E6%A1%A5">
          <area shape="0" alt="" ID="{8BC8B4B2-2D4F-454D-9F9F-D81DEC1AA10D}" coords="(0,0,353,87)"/>
        </link>
      </links>
      <groupChildrenDescriptors>
        <control controlID="57B251CF-E55E-494F-BF2D-D1759A5EF632" controlTypeID="Shape" x="0" y="0" w="353" h="87" zOrder="0">
          <caption>Shape</caption>
          <color>4288256409</color>
          <borderVisible>False</borderVisible>
          <font family="%E5%BE%AE%E8%BD%AF%E9%9B%85%E9%BB%91" displayName="%E5%BE%AE%E8%BD%AF%E9%9B%85%E9%BB%91" postScript="" weightStyle="" weight="400" isBold="False" isItalic="False"/>
          <textSize>14</textSize>
          <lineSpacing>17</lineSpacing>
          <selectedIndex>-1</selectedIndex>
          <radius>4</radius>
        </control>
        <control controlID="E509098C-9334-4DC4-86DF-CE4990364BEA" controlTypeID="Icon" x="24" y="18" w="52" h="52" zOrder="1">
          <caption>Icon</caption>
          <color>4291611852</color>
          <icon>
            <ID/>
            <iconFontName>jdIcoMoonFree</iconFontName>
            <iconCode>59805</iconCode>
          </icon>
          <URL>FF13A2B19CD46C223D9946FB8B96A233.svg</URL>
        </control>
        <control controlID="0630F9FE-7AA0-4E87-AFB1-C27D6E29997B" controlTypeID="Label" x="104" y="14" w="104" h="34" zOrder="2">
          <caption>Label</caption>
          <font family="%E5%BE%AE%E8%BD%AF%E9%9B%85%E9%BB%91" displayName="%E5%BE%AE%E8%BD%AF%E9%9B%85%E9%BB%91" postScript="" weightStyle="" weight="400" isBold="False" isItalic="False"/>
          <text>%E7%89%B5%E7%BA%BF%E6%90%AD%E6%A1%A5</text>
          <textColor>4294967295</textColor>
          <textSize>24</textSize>
          <textVAlign>VaTop</textVAlign>
          <lineSpacing>29</lineSpacing>
          <useDefaultTextSize>False</useDefaultTextSize>
          <selectedIndex>-1</selectedIndex>
        </control>
        <control controlID="F430283B-906A-4E80-AA2C-A791495B2FC7" controlTypeID="Icon" x="324" y="37" w="16" h="14" zOrder="3">
          <caption>Icon</caption>
          <icon>
            <ID/>
            <iconFontName>jdIonicons</iconFontName>
            <iconCode>62419</iconCode>
          </icon>
          <URL>2E967326C22523F5F084001B9F4E5BC7.svg</URL>
        </control>
      </groupChildrenDescriptors>
    </control>
    <control controlID="ABF5A60E-19B5-4D9E-8668-FDF5C46B6949" controlTypeID="__group__" x="10" y="270" w="353" h="87" zOrder="6">
      <links eventType="AtClick" animate="AmPushLeft" animateAutoDelay="0" animateDuration="500">
        <link targetPageID="D1509F9C-23D9-4878-9F19-E57F9EC85CEE" linkType="ltPageLink" isApplyIncludePage="False" title="%E6%88%91%E7%9A%84%E6%82%AC%E8%B5%8F">
          <area shape="0" alt="" ID="{2857864F-55B2-4A9C-A8E7-9E289A5E8917}" coords="(0,0,353,87)"/>
        </link>
      </links>
      <groupChildrenDescriptors>
        <control controlID="3DCFD0E7-EBA5-41AC-994F-D2012B6DAF03" controlTypeID="Shape" x="0" y="0" w="353" h="87" zOrder="0">
          <caption>Shape</caption>
          <color>4288256409</color>
          <borderVisible>False</borderVisible>
          <font family="%E5%BE%AE%E8%BD%AF%E9%9B%85%E9%BB%91" displayName="%E5%BE%AE%E8%BD%AF%E9%9B%85%E9%BB%91" postScript="" weightStyle="" weight="400" isBold="False" isItalic="False"/>
          <textSize>14</textSize>
          <lineSpacing>17</lineSpacing>
          <selectedIndex>-1</selectedIndex>
          <radius>4</radius>
        </control>
        <control controlID="397B0802-E554-48E4-A19D-75BDA7925DA4" controlTypeID="Icon" x="24" y="18" w="52" h="52" zOrder="1">
          <caption>Icon</caption>
          <color>4291611852</color>
          <icon>
            <ID/>
            <iconFontName>jdIonicons</iconFontName>
            <iconCode>62169</iconCode>
          </icon>
          <URL>8FACD1A6DD0E0A1D0F90FF61845F4023.svg</URL>
        </control>
        <control controlID="CC7FD5C1-70A6-4C33-83DC-E92C29A13D56" controlTypeID="Label" x="104" y="14" w="104" h="34" zOrder="2">
          <caption>Label</caption>
          <font family="%E5%BE%AE%E8%BD%AF%E9%9B%85%E9%BB%91" displayName="%E5%BE%AE%E8%BD%AF%E9%9B%85%E9%BB%91" postScript="" weightStyle="" weight="400" isBold="False" isItalic="False"/>
          <text>%E6%88%91%E7%9A%84%E5%8C%B9%E9%85%8D</text>
          <textColor>4294967295</textColor>
          <textSize>24</textSize>
          <textVAlign>VaTop</textVAlign>
          <lineSpacing>29</lineSpacing>
          <useDefaultTextSize>False</useDefaultTextSize>
          <selectedIndex>-1</selectedIndex>
        </control>
        <control controlID="379BAD73-F178-4CFD-8CF2-259450E2D357" controlTypeID="Icon" x="324" y="37" w="16" h="14" zOrder="3">
          <caption>Icon</caption>
          <icon>
            <ID/>
            <iconFontName>jdIonicons</iconFontName>
            <iconCode>62419</iconCode>
          </icon>
          <URL>2E967326C22523F5F084001B9F4E5BC7.svg</URL>
        </control>
      </groupChildrenDescriptors>
    </control>
    <control controlID="343E1DD8-3083-46A3-9796-AD7E056A64A2" controlTypeID="PopupPanel" x="415" y="34" w="46" h="46" zOrder="7">
      <caption>%E6%9B%B4%E5%A4%9A</caption>
      <groupChildrenDescriptors>
        <control controlID="CF3CB29F-1141-411C-B193-9A31D6C4A58A" controlTypeID="Panel" x="0" y="0" w="375" h="667" zOrder="0">
          <locked>True</locked>
          <color>1879048192</color>
          <borderVisible>False</borderVisible>
          <canMove>False</canMove>
          <alias>background</alias>
          <groupChildrenDescriptors>
            <control controlID="B5303DB2-B8C0-42A7-A4A0-CE1F8BD3944C" controlTypeID="Border" x="0" y="0" w="375" h="667" zOrder="0">
              <borderVisible>False</borderVisible>
              <alias>borderLayer</alias>
            </control>
          </groupChildrenDescriptors>
          <thinkness>1</thinkness>
        </control>
        <control controlID="274C719B-C0A9-4489-8E35-9418F42C2BAA" controlTypeID="PopupPanelContent" x="-1" y="511" w="376" h="156" zOrder="1">
          <color>16777215</color>
          <alias>content</alias>
          <groupChildrenDescriptors>
            <control controlID="97C216FB-7CAE-4CC9-A033-05BD8F1F01AD" controlTypeID="Shape" x="1" y="0" w="375" h="102" zOrder="0">
              <borderVisible>False</borderVisible>
              <font family="%E5%BE%AE%E8%BD%AF%E9%9B%85%E9%BB%91" displayName="%E5%BE%AE%E8%BD%AF%E9%9B%85%E9%BB%91" postScript="" weightStyle="" weight="400" isBold="False" isItalic="False"/>
              <textSize>14</textSize>
              <lineSpacing>17</lineSpacing>
              <selectedIndex>-1</selectedIndex>
            </control>
            <control controlID="4C270CAB-63FC-4A41-AC2A-090FFD8BE8AB" controlTypeID="Shape" x="1" y="102" w="375" h="54" zOrder="1">
              <borderColor>4291611852</borderColor>
              <interactiveData>
                <entry title="">
                  <area shape="0" alt="" ID="{A1E4956D-6792-4DD0-B06B-DEAD9E3F8E95}" coords="(0,0,375,54)"/>
                  <events title="">
                    <event eventType="atClick" isChecked="True">
                      <behaviour title="" isChecked="True" isWait="False" isLoop="False" execMode="emParallel">
                        <target targetID="343E1DD8-3083-46A3-9796-AD7E056A64A2" isChecked="True" isAutoRecovery="False" isLoop="False" execMode="emSequence">
                          <command name="Popup State Change" isChecked="True" descrition="">
                            <param name="AniInterpolation" value="0" varType="3" description=""/>
                            <param name="AniDuration" value="200" varType="3" description=""/>
                            <param name="AniAutoReverse" value="False" varType="11" description=""/>
                            <param name="AniLoop" value="False" varType="11" description=""/>
                            <param name="AniInterpolationTypeOut" value="False" varType="11" description=""/>
                            <param name="Delay" value="0" varType="3" description=""/>
                            <param name="Value" value="2" varType="3" description=""/>
                            <param name="AniType" value="0" varType="3" description=""/>
                          </command>
                        </target>
                      </behaviour>
                    </event>
                  </events>
                </entry>
              </interactiveData>
              <font family="%E5%BE%AE%E8%BD%AF%E9%9B%85%E9%BB%91" displayName="%E5%BE%AE%E8%BD%AF%E9%9B%85%E9%BB%91" postScript="" weightStyle="" weight="400" isBold="False" isItalic="False"/>
              <text>%E5%8F%96%E6%B6%88</text>
              <textSize>16</textSize>
              <lineSpacing>20</lineSpacing>
              <useDefaultTextSize>False</useDefaultTextSize>
              <selectedIndex>-1</selectedIndex>
              <borderMode>[bmTop]</borderMode>
              <thickness>6</thickness>
            </control>
            <control controlID="4A25C67A-FA6C-47A3-AB95-854EB5D00EDF" controlTypeID="Image" x="99" y="13" w="25" h="25" zOrder="2">
              <URL>606A1CCA5FFE3E3A9E0C59A392DDEE4F.png</URL>
            </control>
            <control controlID="4B798294-54EE-487D-BF84-D61E13FC0BC7" controlTypeID="Label" x="135" y="14" w="150" h="23" zOrder="3">
              <font family="%E5%BE%AE%E8%BD%AF%E9%9B%85%E9%BB%91" displayName="%E5%BE%AE%E8%BD%AF%E9%9B%85%E9%BB%91" postScript="" weightStyle="" weight="400" isBold="False" isItalic="False"/>
              <text>%E6%90%BA%E7%A8%8B%E9%85%92%E5%BA%97%E6%9C%BA%E7%A5%A8%E7%81%AB%E8%BD%A6%E7%A5%A8</text>
              <textSize>16</textSize>
              <textVAlign>VaTop</textVAlign>
              <lineSpacing>20</lineSpacing>
              <useDefaultTextSize>False</useDefaultTextSize>
              <selectedIndex>-1</selectedIndex>
            </control>
            <control controlID="00CC3082-8CC9-43B1-8D7E-ADAA88780EBC" controlTypeID="Label" x="132" y="65" w="118" h="23" zOrder="4">
              <interactiveData>
                <entry title="">
                  <area shape="0" alt="" ID="{31EA5FCD-21B4-452A-A2DE-12A75199F9F4}" coords="(0,0,118,23)"/>
                  <events title="">
                    <event eventType="atClick" isChecked="True">
                      <behaviour title="" isChecked="True" isWait="False" isLoop="False" execMode="emParallel">
                        <target targetID="343E1DD8-3083-46A3-9796-AD7E056A64A2" isChecked="True" isAutoRecovery="False" isLoop="False" execMode="emSequence">
                          <command name="Popup State Change" isChecked="True" descrition="">
                            <param name="AniInterpolation" value="0" varType="3" description=""/>
                            <param name="AniDuration" value="200" varType="3" description=""/>
                            <param name="AniAutoReverse" value="False" varType="11" description=""/>
                            <param name="AniLoop" value="False" varType="11" description=""/>
                            <param name="AniInterpolationTypeOut" value="False" varType="11" description=""/>
                            <param name="Delay" value="0" varType="3" description=""/>
                            <param name="Value" value="2" varType="3" description=""/>
                            <param name="AniType" value="0" varType="3" description=""/>
                          </command>
                        </target>
                      </behaviour>
                    </event>
                  </events>
                </entry>
              </interactiveData>
              <font family="%E5%BE%AE%E8%BD%AF%E9%9B%85%E9%BB%91" displayName="%E5%BE%AE%E8%BD%AF%E9%9B%85%E9%BB%91" postScript="" weightStyle="" weight="400" isBold="False" isItalic="False"/>
              <text>%E6%98%BE%E7%A4%BA%E5%9C%A8%E8%81%8A%E5%A4%A9%E9%A1%B6%E9%83%A8</text>
              <textSize>16</textSize>
              <textVAlign>VaTop</textVAlign>
              <lineSpacing>20</lineSpacing>
              <useDefaultTextSize>False</useDefaultTextSize>
              <selectedIndex>-1</selectedIndex>
            </control>
            <control controlID="960AFF70-1FF4-4915-B816-98237E33DA4D" controlTypeID="Line" x="0" y="51" w="376" h="1" zOrder="5">
              <color>4293190884</color>
              <font family="%E5%BE%AE%E8%BD%AF%E9%9B%85%E9%BB%91" displayName="%E5%BE%AE%E8%BD%AF%E9%9B%85%E9%BB%91" postScript="" weightStyle="" weight="400" isBold="False" isItalic="False"/>
              <textSize>14</textSize>
              <lineSpacing>17</lineSpacing>
              <selectedIndex>-1</selectedIndex>
              <controlPoint>(188,0)</controlPoint>
              <startPoint>(1,0)</startPoint>
              <endPoint>(376,0)</endPoint>
            </control>
          </groupChildrenDescriptors>
        </control>
      </groupChildrenDescriptors>
      <aniType_Mobile>aniMoveUp</aniType_Mobile>
      <isShowBackground>True</isShowBackground>
    </control>
  </controls>
  <param>
    <backgroundColor>4293914607</backgroundColor>
    <fontFamily>%E5%BE%AE%E8%BD%AF%E9%9B%85%E9%BB%91</fontFamily>
    <guideLines/>
    <fontSize>14</fontSize>
  </param>
</mockup>