﻿<mockup version="4.8" minAllowVersion="4.8" ID="A8CF070F-8E5D-4B12-BE18-A3B1E524DECB" platform="MtMobile" defaultW="375" defaultH="667" screenOrientation="MoPortrait" mobileScreenScale="1.77777779102325" measureW="375" measureH="667" clipArea="(0,0,0,0)">
  <controls controlCount="27">
    <control controlID="D0A5E705-FE53-437E-95A7-C55541E3EBD4" controlTypeID="Shape" x="0" y="616" w="375" h="51" measuredW="120" measuredH="100" zOrder="0">
      <font family="%E5%BE%AE%E8%BD%AF%E9%9B%85%E9%BB%91" displayName="%E5%BE%AE%E8%BD%AF%E9%9B%85%E9%BB%91" postScript="" weightStyle="Regular" weight="400" isBold="False" isItalic="False"/>
      <useDefaultTextSize>True</useDefaultTextSize>
      <textStyles>[]</textStyles>
      <lineSpacing>18</lineSpacing>
      <textWordWrap>True</textWordWrap>
      <textVAlign>VaMiddle</textVAlign>
      <textAlign>HaCenter</textAlign>
      <lineSpacingMultiple>1</lineSpacingMultiple>
      <textSize>14</textSize>
      <textColor>4278190080</textColor>
      <rotation>0</rotation>
      <alias/>
      <canMove>True</canMove>
      <isCommentCom>False</isCommentCom>
      <opacity>1</opacity>
      <status>MsEnabled</status>
      <isAutoSize>False</isAutoSize>
      <borderColor>4284900966</borderColor>
      <borderVisible>False</borderVisible>
      <color>4294967295</color>
      <borderMode>[bmLeft,bmTop,bmRight,bmBottom]</borderMode>
      <thickness>1</thickness>
      <radiusIsPercent>False</radiusIsPercent>
      <radius>0</radius>
      <dashMode>SdSolid</dashMode>
      <triangleType>TdZero</triangleType>
      <shapeBorderType>SbRectangle</shapeBorderType>
      <textPadding>0</textPadding>
      <selectedColor>4282501083</selectedColor>
      <selectedIndex>-1</selectedIndex>
      <interactiveData>
        <entry title="">
          <area shape="0" alt="" ID="{C8CAAD82-0211-4D7D-B7F9-2C351E0C319F}" coords="(0,0,375,51)"/>
          <events title=""/>
        </entry>
      </interactiveData>
      <links eventType="AtClick" animate="AmSlideUp" animateAutoDelay="0" animateDuration="500">
        <link targetPageID="" linkType="ltPageLink" isApplyIncludePage="False" title="Link">
          <area shape="0" alt="" ID="{E4429635-2AD9-4F54-9F25-39343227DC15}" coords="(0,0,375,51)"/>
        </link>
      </links>
      <horizontalScrollbarProgress>0</horizontalScrollbarProgress>
      <horizontalScrollbarShow>False</horizontalScrollbarShow>
      <verticalScrollbarProgress>0</verticalScrollbarProgress>
      <verticalScrollbarShow>False</verticalScrollbarShow>
      <states/>
      <isShow>True</isShow>
      <caption>Shape</caption>
      <locked>False</locked>
      <sizeLocked>False</sizeLocked>
    </control>
    <control controlID="07A3F5FB-40B0-410C-8789-E7A31AEC1C2A" controlTypeID="__group__" x="85" y="621" w="27" h="45" measuredW="0" measuredH="0" zOrder="1">
      <rotation>0</rotation>
      <alias/>
      <canMove>True</canMove>
      <isCommentCom>False</isCommentCom>
      <opacity>1</opacity>
      <status>MsEnabled</status>
      <isAutoSize>False</isAutoSize>
      <borderColor>4284900966</borderColor>
      <borderVisible>True</borderVisible>
      <color>4294967295</color>
      <groupChildrenDescriptors>
        <control controlID="2C996CDD-0CFA-4FE6-8D14-07A1567F233D" controlTypeID="Image" x="0" y="0" w="27" h="30" measuredW="150" measuredH="150" zOrder="0">
          <rotation>0</rotation>
          <alias/>
          <canMove>True</canMove>
          <isCommentCom>False</isCommentCom>
          <opacity>1</opacity>
          <status>MsEnabled</status>
          <isAutoSize>False</isAutoSize>
          <borderColor>4284900966</borderColor>
          <borderVisible>False</borderVisible>
          <color>4294967295</color>
          <showText>False</showText>
          <fitMode>fmStretch</fitMode>
          <flipVertical>False</flipVertical>
          <flipHorizontal>False</flipHorizontal>
          <URL>2CE6BC69CA9B8025E1381E985CD78E64.png</URL>
          <radiusIsPercent>False</radiusIsPercent>
          <radius>0</radius>
          <clipShapeType>SbRectangle</clipShapeType>
          <rotationAngle>TdZero</rotationAngle>
          <interactiveData>
            <entry title="">
              <area shape="0" alt="" ID="{8270EAEC-8512-4BA2-BF62-0C8D189B8A0C}" coords="(0,0,27,30)"/>
              <events title=""/>
            </entry>
          </interactiveData>
          <links eventType="AtClick" animate="AmSlideUp" animateAutoDelay="0" animateDuration="500">
            <link targetPageID="" linkType="ltPageLink" isApplyIncludePage="False" title="Link">
              <area shape="0" alt="" ID="{3D3272F2-A3A9-4CBE-BD2F-C56BCFC918F5}" coords="(0,0,27,30)"/>
            </link>
          </links>
          <horizontalScrollbarProgress>0</horizontalScrollbarProgress>
          <horizontalScrollbarShow>False</horizontalScrollbarShow>
          <verticalScrollbarProgress>0</verticalScrollbarProgress>
          <verticalScrollbarShow>False</verticalScrollbarShow>
          <states/>
          <isShow>True</isShow>
          <caption>Image</caption>
          <locked>False</locked>
          <sizeLocked>False</sizeLocked>
        </control>
        <control controlID="51A094E0-29C0-4037-B44C-AF2A50EEEFD2" controlTypeID="Label" x="4" y="31" w="20" h="14" measuredW="0" measuredH="0" zOrder="1">
          <text>%E9%A6%96%E9%A1%B5</text>
          <font family="%E5%BE%AE%E8%BD%AF%E9%9B%85%E9%BB%91" displayName="%E5%BE%AE%E8%BD%AF%E9%9B%85%E9%BB%91" postScript="" weightStyle="Regular" weight="400" isBold="False" isItalic="False"/>
          <useDefaultTextSize>False</useDefaultTextSize>
          <textStyles>[]</textStyles>
          <lineSpacing>13</lineSpacing>
          <textWordWrap>True</textWordWrap>
          <textVAlign>VaTop</textVAlign>
          <textAlign>HaLeft</textAlign>
          <lineSpacingMultiple>1</lineSpacingMultiple>
          <textSize>10</textSize>
          <textColor>4288256409</textColor>
          <rotation>0</rotation>
          <alias/>
          <canMove>True</canMove>
          <isCommentCom>False</isCommentCom>
          <opacity>1</opacity>
          <status>MsEnabled</status>
          <isAutoSize>True</isAutoSize>
          <borderColor>4284900966</borderColor>
          <borderVisible>True</borderVisible>
          <color>0</color>
          <textPadding>0</textPadding>
          <selectedColor>4282501083</selectedColor>
          <selectedIndex>-1</selectedIndex>
          <interactiveData>
            <entry title="">
              <area shape="0" alt="" ID="{D41BB393-2C89-40C0-AC14-615DE97E552F}" coords="(0,0,20,14)"/>
              <events title=""/>
            </entry>
          </interactiveData>
          <links eventType="AtClick" animate="AmSlideUp" animateAutoDelay="0" animateDuration="500">
            <link targetPageID="" linkType="ltPageLink" isApplyIncludePage="False" title="Link">
              <area shape="0" alt="" ID="{5D80810C-0DFC-409F-B2BF-7A6E28339D3B}" coords="(0,0,20,14)"/>
            </link>
          </links>
          <horizontalScrollbarProgress>0</horizontalScrollbarProgress>
          <horizontalScrollbarShow>False</horizontalScrollbarShow>
          <verticalScrollbarProgress>0</verticalScrollbarProgress>
          <verticalScrollbarShow>False</verticalScrollbarShow>
          <states/>
          <isShow>True</isShow>
          <caption>Label</caption>
          <locked>False</locked>
          <sizeLocked>False</sizeLocked>
        </control>
      </groupChildrenDescriptors>
      <interactiveData>
        <entry title="">
          <area shape="0" alt="" ID="{ADAE164C-A6C7-4677-9AA0-3DCB3CFCBC93}" coords="(0,0,27,45)"/>
          <events title=""/>
        </entry>
      </interactiveData>
      <links eventType="AtClick" animate="AmNone" animateAutoDelay="0" animateDuration="500">
        <link targetPageID="A4FE4D28-15E0-4D85-BC58-7CFC8D686A1F" linkType="ltPageLink" isApplyIncludePage="False" title="%E9%A6%96%E9%A1%B5">
          <area shape="0" alt="" ID="{2B36FCD2-BBA5-413C-96FA-9D1311DAAC3D}" coords="(0,0,27,45)"/>
        </link>
      </links>
      <horizontalScrollbarProgress>0</horizontalScrollbarProgress>
      <horizontalScrollbarShow>False</horizontalScrollbarShow>
      <verticalScrollbarProgress>0</verticalScrollbarProgress>
      <verticalScrollbarShow>False</verticalScrollbarShow>
      <states/>
      <isShow>True</isShow>
      <caption>%E7%BB%84</caption>
      <locked>False</locked>
      <sizeLocked>False</sizeLocked>
    </control>
    <control controlID="CA4D1FE9-DB4D-4E25-8BA3-C1C243A4FB9F" controlTypeID="__group__" x="246" y="621" w="30" h="45" measuredW="0" measuredH="0" zOrder="2">
      <rotation>0</rotation>
      <alias/>
      <canMove>True</canMove>
      <isCommentCom>False</isCommentCom>
      <opacity>1</opacity>
      <status>MsEnabled</status>
      <isAutoSize>False</isAutoSize>
      <borderColor>4284900966</borderColor>
      <borderVisible>True</borderVisible>
      <color>4294967295</color>
      <groupChildrenDescriptors>
        <control controlID="4A7B8622-1C18-4938-812F-7436FBA24616" controlTypeID="Label" x="5" y="31" w="20" h="14" measuredW="0" measuredH="0" zOrder="0">
          <text>%E8%AE%A2%E5%8D%95</text>
          <font family="%E5%BE%AE%E8%BD%AF%E9%9B%85%E9%BB%91" displayName="%E5%BE%AE%E8%BD%AF%E9%9B%85%E9%BB%91" postScript="" weightStyle="Regular" weight="400" isBold="False" isItalic="False"/>
          <useDefaultTextSize>False</useDefaultTextSize>
          <textStyles>[]</textStyles>
          <lineSpacing>13</lineSpacing>
          <textWordWrap>True</textWordWrap>
          <textVAlign>VaTop</textVAlign>
          <textAlign>HaLeft</textAlign>
          <lineSpacingMultiple>1</lineSpacingMultiple>
          <textSize>10</textSize>
          <textColor>4280133601</textColor>
          <rotation>0</rotation>
          <alias/>
          <canMove>True</canMove>
          <isCommentCom>False</isCommentCom>
          <opacity>1</opacity>
          <status>MsEnabled</status>
          <isAutoSize>True</isAutoSize>
          <borderColor>4284900966</borderColor>
          <borderVisible>True</borderVisible>
          <color>0</color>
          <textPadding>0</textPadding>
          <selectedColor>4282501083</selectedColor>
          <selectedIndex>-1</selectedIndex>
          <interactiveData>
            <entry title="">
              <area shape="0" alt="" ID="{D41BB393-2C89-40C0-AC14-615DE97E552F}" coords="(0,0,20,14)"/>
              <events title=""/>
            </entry>
          </interactiveData>
          <links eventType="AtClick" animate="AmSlideUp" animateAutoDelay="0" animateDuration="500">
            <link targetPageID="" linkType="ltPageLink" isApplyIncludePage="False" title="Link">
              <area shape="0" alt="" ID="{5D80810C-0DFC-409F-B2BF-7A6E28339D3B}" coords="(0,0,20,14)"/>
            </link>
          </links>
          <horizontalScrollbarProgress>0</horizontalScrollbarProgress>
          <horizontalScrollbarShow>False</horizontalScrollbarShow>
          <verticalScrollbarProgress>0</verticalScrollbarProgress>
          <verticalScrollbarShow>False</verticalScrollbarShow>
          <states/>
          <isShow>True</isShow>
          <caption>Label</caption>
          <locked>False</locked>
          <sizeLocked>False</sizeLocked>
        </control>
        <control controlID="C5ABE9F1-598C-478C-A6AD-8B829056C570" controlTypeID="Icon" x="0" y="0" w="30" h="30" measuredW="32" measuredH="32" zOrder="1">
          <rotation>0</rotation>
          <alias/>
          <canMove>True</canMove>
          <isCommentCom>False</isCommentCom>
          <opacity>1</opacity>
          <status>MsEnabled</status>
          <isAutoSize>False</isAutoSize>
          <borderColor>4284900966</borderColor>
          <borderVisible>True</borderVisible>
          <color>4280133601</color>
          <flipVertical>False</flipVertical>
          <flipHorizontal>False</flipHorizontal>
          <URL>FD7DD79F0BC024568CBAC3F36815299E.svg</URL>
          <icon>
            <ID/>
            <iconFontName>jdIcoMoonFree</iconFontName>
            <iconCode>59686</iconCode>
          </icon>
          <rotationAngle>TdZero</rotationAngle>
          <interactiveData>
            <entry title="">
              <area shape="0" alt="" ID="{B26B54AF-2C86-4FE1-A48C-90BC843F129C}" coords="(0,0,30,30)"/>
              <events title=""/>
            </entry>
          </interactiveData>
          <links eventType="AtClick" animate="AmSlideUp" animateAutoDelay="0" animateDuration="500">
            <link targetPageID="" linkType="ltPageLink" isApplyIncludePage="False" title="Link">
              <area shape="0" alt="" ID="{54277EDC-4D35-4D83-929A-B09824CD571B}" coords="(0,0,30,30)"/>
            </link>
          </links>
          <horizontalScrollbarProgress>0</horizontalScrollbarProgress>
          <horizontalScrollbarShow>False</horizontalScrollbarShow>
          <verticalScrollbarProgress>0</verticalScrollbarProgress>
          <verticalScrollbarShow>False</verticalScrollbarShow>
          <states/>
          <isShow>True</isShow>
          <caption>Icon</caption>
          <locked>False</locked>
          <sizeLocked>False</sizeLocked>
        </control>
      </groupChildrenDescriptors>
      <interactiveData>
        <entry title="">
          <area shape="0" alt="" ID="{21B0F1D1-D94B-4130-895D-1F7D069CC283}" coords="(0,0,30,45)"/>
          <events title=""/>
        </entry>
      </interactiveData>
      <links eventType="AtClick" animate="AmNone" animateAutoDelay="0" animateDuration="500">
        <link targetPageID="" linkType="ltPageLink" isApplyIncludePage="False" title="%E9%93%BE%E6%8E%A5">
          <area shape="0" alt="" ID="{C291790D-E7EE-44D5-A434-F8F26E5A9CB2}" coords="(0,0,30,45)"/>
        </link>
      </links>
      <horizontalScrollbarProgress>0</horizontalScrollbarProgress>
      <horizontalScrollbarShow>False</horizontalScrollbarShow>
      <verticalScrollbarProgress>0</verticalScrollbarProgress>
      <verticalScrollbarShow>False</verticalScrollbarShow>
      <states/>
      <isShow>True</isShow>
      <caption>%E7%BB%84</caption>
      <locked>False</locked>
      <sizeLocked>False</sizeLocked>
    </control>
    <control controlID="6A8B7C7E-2C0C-4AF0-B1D4-683DF8C07D8E" controlTypeID="StatusBar(IOS)" x="0" y="0" w="375" h="20" measuredW="342" measuredH="20" zOrder="3">
      <rotation>0</rotation>
      <alias/>
      <canMove>True</canMove>
      <isCommentCom>False</isCommentCom>
      <opacity>1</opacity>
      <status>MsEnabled</status>
      <isAutoSize>False</isAutoSize>
      <borderColor>4284900966</borderColor>
      <borderVisible>True</borderVisible>
      <color>4284900966</color>
      <IsAutoTextColor>True</IsAutoTextColor>
      <ForegroundColor>4294967295</ForegroundColor>
      <interactiveData>
        <entry title="">
          <area shape="0" alt="" ID="{96407C92-84E5-4F9B-87AA-A996E4E7AAAD}" coords="(0,0,375,20)"/>
          <events title=""/>
        </entry>
      </interactiveData>
      <links eventType="AtClick" animate="AmSlideUp" animateAutoDelay="0" animateDuration="500">
        <link targetPageID="" linkType="ltPageLink" isApplyIncludePage="False" title="Link">
          <area shape="0" alt="" ID="{A787830C-5F63-44C0-A1A9-93ECE2F371B0}" coords="(0,0,375,20)"/>
        </link>
      </links>
      <horizontalScrollbarProgress>0</horizontalScrollbarProgress>
      <horizontalScrollbarShow>False</horizontalScrollbarShow>
      <verticalScrollbarProgress>0</verticalScrollbarProgress>
      <verticalScrollbarShow>False</verticalScrollbarShow>
      <states/>
      <isShow>True</isShow>
      <caption>iOS+Status+Bar</caption>
      <locked>False</locked>
      <sizeLocked>False</sizeLocked>
    </control>
    <control controlID="A97E1450-F751-4D26-9171-5C7914785413" controlTypeID="Shape" x="0" y="20" w="375" h="44" measuredW="120" measuredH="100" zOrder="4">
      <text>%E6%90%BA%E7%A8%8B%E6%97%85%E8%A1%8C</text>
      <font family="%E5%BE%AE%E8%BD%AF%E9%9B%85%E9%BB%91" displayName="%E5%BE%AE%E8%BD%AF%E9%9B%85%E9%BB%91+Bold" postScript="" weightStyle="Bold" weight="700" isBold="True" isItalic="False"/>
      <useDefaultTextSize>False</useDefaultTextSize>
      <textStyles>[fsBold]</textStyles>
      <lineSpacing>24</lineSpacing>
      <textWordWrap>True</textWordWrap>
      <textVAlign>VaMiddle</textVAlign>
      <textAlign>HaCenter</textAlign>
      <lineSpacingMultiple>1</lineSpacingMultiple>
      <textSize>18</textSize>
      <textColor>4294967295</textColor>
      <rotation>0</rotation>
      <alias/>
      <canMove>True</canMove>
      <isCommentCom>False</isCommentCom>
      <opacity>1</opacity>
      <status>MsEnabled</status>
      <isAutoSize>False</isAutoSize>
      <borderColor>4284900966</borderColor>
      <borderVisible>False</borderVisible>
      <color>4284900966</color>
      <borderMode>[bmLeft,bmTop,bmRight,bmBottom]</borderMode>
      <thickness>1</thickness>
      <radiusIsPercent>False</radiusIsPercent>
      <radius>0</radius>
      <dashMode>SdSolid</dashMode>
      <triangleType>TdZero</triangleType>
      <shapeBorderType>SbRectangle</shapeBorderType>
      <textPadding>0</textPadding>
      <selectedColor>4282501083</selectedColor>
      <selectedIndex>-1</selectedIndex>
      <interactiveData>
        <entry title="">
          <area shape="0" alt="" ID="{E8635FEB-59F4-4439-BADD-5DB603CC77B6}" coords="(0,0,375,44)"/>
          <events title=""/>
        </entry>
      </interactiveData>
      <links eventType="AtClick" animate="AmSlideUp" animateAutoDelay="0" animateDuration="500">
        <link targetPageID="" linkType="ltPageLink" isApplyIncludePage="False" title="Link">
          <area shape="0" alt="" ID="{AF7E396F-D87A-4582-B1EA-90EBB6BC6127}" coords="(0,0,375,44)"/>
        </link>
      </links>
      <horizontalScrollbarProgress>0</horizontalScrollbarProgress>
      <horizontalScrollbarShow>False</horizontalScrollbarShow>
      <verticalScrollbarProgress>0</verticalScrollbarProgress>
      <verticalScrollbarShow>False</verticalScrollbarShow>
      <states/>
      <isShow>True</isShow>
      <caption>Shape</caption>
      <locked>False</locked>
      <sizeLocked>False</sizeLocked>
    </control>
    <control controlID="D921A855-17C8-461D-BAF5-B4A5CC4F43E8" controlTypeID="Icon" x="8" y="32" w="20" h="20" measuredW="32" measuredH="32" zOrder="5">
      <rotation>0</rotation>
      <alias/>
      <canMove>True</canMove>
      <isCommentCom>False</isCommentCom>
      <opacity>1</opacity>
      <status>MsEnabled</status>
      <isAutoSize>False</isAutoSize>
      <borderColor>4284900966</borderColor>
      <borderVisible>True</borderVisible>
      <color>4294967295</color>
      <flipVertical>False</flipVertical>
      <flipHorizontal>False</flipHorizontal>
      <URL>91852B86E51F760894554368302F9800.svg</URL>
      <icon>
        <ID/>
        <iconFontName>jdIonicons</iconFontName>
        <iconCode>62418</iconCode>
      </icon>
      <rotationAngle>TdZero</rotationAngle>
      <interactiveData>
        <entry title="">
          <area shape="0" alt="" ID="{45DC7953-5243-469B-B717-73DFE2434849}" coords="(0,0,20,20)"/>
          <events title=""/>
        </entry>
      </interactiveData>
      <links eventType="AtClick" animate="AmPushRight" animateAutoDelay="0" animateDuration="500">
        <link targetPageID="0E06F3F2-769C-49FE-8C8F-9B6C88465918" linkType="ltPageLink" isApplyIncludePage="False" title="%E5%B0%8F%E7%A8%8B%E5%BA%8F%E5%88%97%E8%A1%A8">
          <area shape="0" alt="" ID="{1F31960F-5B65-4C7D-8CA8-42E6266E1725}" coords="(0,0,20,20)"/>
        </link>
      </links>
      <horizontalScrollbarProgress>0</horizontalScrollbarProgress>
      <horizontalScrollbarShow>False</horizontalScrollbarShow>
      <verticalScrollbarProgress>0</verticalScrollbarProgress>
      <verticalScrollbarShow>False</verticalScrollbarShow>
      <states/>
      <isShow>True</isShow>
      <caption>Icon</caption>
      <locked>False</locked>
      <sizeLocked>False</sizeLocked>
    </control>
    <control controlID="5BAE2D0D-96F1-4ADE-8A05-4B44DA9C953D" controlTypeID="Icon" x="343" y="34" w="20" h="20" measuredW="32" measuredH="32" zOrder="6">
      <rotation>0</rotation>
      <alias/>
      <canMove>True</canMove>
      <isCommentCom>False</isCommentCom>
      <opacity>1</opacity>
      <status>MsEnabled</status>
      <isAutoSize>False</isAutoSize>
      <borderColor>4284900966</borderColor>
      <borderVisible>True</borderVisible>
      <color>4294967295</color>
      <flipVertical>False</flipVertical>
      <flipHorizontal>False</flipHorizontal>
      <URL>1851334699A24A872953194B7F3E40D6.svg</URL>
      <icon>
        <ID/>
        <iconFontName>jdIonicons</iconFontName>
        <iconCode>62570</iconCode>
      </icon>
      <rotationAngle>TdZero</rotationAngle>
      <interactiveData>
        <entry title="">
          <area shape="0" alt="" ID="{45DC7953-5243-469B-B717-73DFE2434849}" coords="(0,0,20,20)"/>
          <events title="">
            <event eventType="atClick" isChecked="True">
              <behaviour title="" isChecked="True" isWait="False" isLoop="False" execMode="emParallel">
                <target targetID="285E8F9F-3518-4852-8427-6D28A7A48616" isChecked="True" isAutoRecovery="False" isLoop="False" execMode="emSequence">
                  <command name="Popup State Change" isChecked="True" descrition="">
                    <param name="AniInterpolation" value="0" varType="3" description=""/>
                    <param name="AniDuration" value="200" varType="3" description=""/>
                    <param name="AniAutoReverse" value="False" varType="11" description=""/>
                    <param name="AniLoop" value="False" varType="11" description=""/>
                    <param name="AniInterpolationTypeOut" value="False" varType="11" description=""/>
                    <param name="Delay" value="0" varType="3" description=""/>
                    <param name="Value" value="2" varType="3" description=""/>
                    <param name="AniType" value="0" varType="3" description=""/>
                  </command>
                </target>
              </behaviour>
            </event>
          </events>
        </entry>
      </interactiveData>
      <links eventType="AtClick" animate="AmSlideUp" animateAutoDelay="0" animateDuration="500">
        <link targetPageID="" linkType="ltPageLink" isApplyIncludePage="False" title="Link">
          <area shape="0" alt="" ID="{1F31960F-5B65-4C7D-8CA8-42E6266E1725}" coords="(0,0,20,20)"/>
        </link>
      </links>
      <horizontalScrollbarProgress>0</horizontalScrollbarProgress>
      <horizontalScrollbarShow>False</horizontalScrollbarShow>
      <verticalScrollbarProgress>0</verticalScrollbarProgress>
      <verticalScrollbarShow>False</verticalScrollbarShow>
      <states/>
      <isShow>True</isShow>
      <caption>Icon</caption>
      <locked>False</locked>
      <sizeLocked>False</sizeLocked>
    </control>
    <control controlID="3ED42187-F60F-4482-8B98-50D2CD929F2C" controlTypeID="Shape" x="0" y="64" w="375" h="38" measuredW="120" measuredH="100" zOrder="7">
      <text>+++%E4%BD%A0%E5%A5%BD%EF%BC%8C%E5%B0%8A%E6%95%AC%E7%9A%84%E4%BC%9A%E5%91%98</text>
      <font family="%E5%BE%AE%E8%BD%AF%E9%9B%85%E9%BB%91" displayName="%E5%BE%AE%E8%BD%AF%E9%9B%85%E9%BB%91" postScript="" weightStyle="Regular" weight="400" isBold="False" isItalic="False"/>
      <useDefaultTextSize>True</useDefaultTextSize>
      <textStyles>[]</textStyles>
      <lineSpacing>18</lineSpacing>
      <textWordWrap>True</textWordWrap>
      <textVAlign>VaMiddle</textVAlign>
      <textAlign>HaLeft</textAlign>
      <lineSpacingMultiple>1</lineSpacingMultiple>
      <textSize>14</textSize>
      <textColor>4294967295</textColor>
      <rotation>0</rotation>
      <alias/>
      <canMove>True</canMove>
      <isCommentCom>False</isCommentCom>
      <opacity>1</opacity>
      <status>MsEnabled</status>
      <isAutoSize>False</isAutoSize>
      <borderColor>4284900966</borderColor>
      <borderVisible>False</borderVisible>
      <color>4291611852</color>
      <borderMode>[bmLeft,bmTop,bmRight,bmBottom]</borderMode>
      <thickness>1</thickness>
      <radiusIsPercent>False</radiusIsPercent>
      <radius>0</radius>
      <dashMode>SdSolid</dashMode>
      <triangleType>TdZero</triangleType>
      <shapeBorderType>SbRectangle</shapeBorderType>
      <textPadding>0</textPadding>
      <selectedColor>4282501083</selectedColor>
      <selectedIndex>-1</selectedIndex>
      <interactiveData>
        <entry title="">
          <area shape="0" alt="" ID="{2EE6E421-B03D-4C75-9E28-ECB73E7D1181}" coords="(0,0,375,38)"/>
          <events title=""/>
        </entry>
      </interactiveData>
      <links eventType="AtClick" animate="AmNone" animateAutoDelay="0" animateDuration="500">
        <link targetPageID="" linkType="ltPageLink" isApplyIncludePage="False" title="%E9%93%BE%E6%8E%A5">
          <area shape="0" alt="" ID="{AF7B743F-A5AA-4061-8A0B-BFE5825F6635}" coords="(0,0,375,38)"/>
        </link>
      </links>
      <horizontalScrollbarProgress>0</horizontalScrollbarProgress>
      <horizontalScrollbarShow>False</horizontalScrollbarShow>
      <verticalScrollbarProgress>0</verticalScrollbarProgress>
      <verticalScrollbarShow>False</verticalScrollbarShow>
      <states/>
      <isShow>True</isShow>
      <caption>%E5%BD%A2%E7%8A%B6</caption>
      <locked>False</locked>
      <sizeLocked>False</sizeLocked>
    </control>
    <control controlID="28B753E3-A340-4EB8-B7CE-460AB5FA3649" controlTypeID="Button" x="134" y="72" w="42" h="23" measuredW="78" measuredH="36" zOrder="8">
      <text>%E9%80%80%E5%87%BA</text>
      <font family="%E5%BE%AE%E8%BD%AF%E9%9B%85%E9%BB%91" displayName="%E5%BE%AE%E8%BD%AF%E9%9B%85%E9%BB%91" postScript="" weightStyle="Regular" weight="400" isBold="False" isItalic="False"/>
      <useDefaultTextSize>False</useDefaultTextSize>
      <textStyles>[]</textStyles>
      <lineSpacing>17</lineSpacing>
      <textWordWrap>True</textWordWrap>
      <textVAlign>VaMiddle</textVAlign>
      <textAlign>HaCenter</textAlign>
      <lineSpacingMultiple>1</lineSpacingMultiple>
      <textSize>13</textSize>
      <textColor>4294967295</textColor>
      <rotation>0</rotation>
      <alias/>
      <canMove>True</canMove>
      <isCommentCom>False</isCommentCom>
      <opacity>1</opacity>
      <status>MsEnabled</status>
      <isAutoSize>False</isAutoSize>
      <borderVisible>True</borderVisible>
      <color>16777215</color>
      <borderColor>4294967295</borderColor>
      <isAutoTextColor>False</isAutoTextColor>
      <thickness>1</thickness>
      <buttonStatus>BsNormal</buttonStatus>
      <radiusIsPercent>False</radiusIsPercent>
      <radius>10</radius>
      <textPadding>0</textPadding>
      <selectedColor>4282501083</selectedColor>
      <selectedIndex>-1</selectedIndex>
      <interactiveData>
        <entry title="">
          <area shape="0" alt="" ID="{F0B294B8-07FB-480D-A8AC-4747E13F43B4}" coords="(0,0,42,23)"/>
          <events title=""/>
        </entry>
      </interactiveData>
      <links eventType="AtClick" animate="AmNone" animateAutoDelay="0" animateDuration="500">
        <link targetPageID="" linkType="ltPageLink" isApplyIncludePage="False" title="%E9%93%BE%E6%8E%A5">
          <area shape="0" alt="" ID="{34F18375-0B55-4E9D-84E3-93F94AB16E3D}" coords="(0,0,42,23)"/>
        </link>
      </links>
      <horizontalScrollbarProgress>0</horizontalScrollbarProgress>
      <horizontalScrollbarShow>False</horizontalScrollbarShow>
      <verticalScrollbarProgress>0</verticalScrollbarProgress>
      <verticalScrollbarShow>False</verticalScrollbarShow>
      <states/>
      <isShow>True</isShow>
      <caption>%E6%8C%89%E9%92%AE</caption>
      <locked>False</locked>
      <sizeLocked>False</sizeLocked>
    </control>
    <control controlID="B01294E2-5F22-43AE-953C-2233789F392C" controlTypeID="Button" x="270" y="71" w="95" h="24" measuredW="78" measuredH="36" zOrder="9">
      <text>%E8%81%94%E7%B3%BB%E5%AE%A2%E6%9C%8D</text>
      <font family="%E5%BE%AE%E8%BD%AF%E9%9B%85%E9%BB%91" displayName="%E5%BE%AE%E8%BD%AF%E9%9B%85%E9%BB%91" postScript="" weightStyle="Regular" weight="400" isBold="False" isItalic="False"/>
      <useDefaultTextSize>False</useDefaultTextSize>
      <textStyles>[]</textStyles>
      <lineSpacing>17</lineSpacing>
      <textWordWrap>True</textWordWrap>
      <textVAlign>VaMiddle</textVAlign>
      <textAlign>HaCenter</textAlign>
      <lineSpacingMultiple>1</lineSpacingMultiple>
      <textSize>13</textSize>
      <textColor>4294967295</textColor>
      <rotation>0</rotation>
      <alias/>
      <canMove>True</canMove>
      <isCommentCom>False</isCommentCom>
      <opacity>1</opacity>
      <status>MsEnabled</status>
      <isAutoSize>False</isAutoSize>
      <borderVisible>True</borderVisible>
      <color>16777215</color>
      <borderColor>4294967295</borderColor>
      <isAutoTextColor>False</isAutoTextColor>
      <thickness>1</thickness>
      <buttonStatus>BsNormal</buttonStatus>
      <radiusIsPercent>False</radiusIsPercent>
      <radius>10</radius>
      <textPadding>0</textPadding>
      <selectedColor>4282501083</selectedColor>
      <selectedIndex>-1</selectedIndex>
      <interactiveData>
        <entry title="">
          <area shape="0" alt="" ID="{F0B294B8-07FB-480D-A8AC-4747E13F43B4}" coords="(0,0,95,24)"/>
          <events title=""/>
        </entry>
      </interactiveData>
      <links eventType="AtClick" animate="AmNone" animateAutoDelay="0" animateDuration="500">
        <link targetPageID="" linkType="ltPageLink" isApplyIncludePage="False" title="%E9%93%BE%E6%8E%A5">
          <area shape="0" alt="" ID="{34F18375-0B55-4E9D-84E3-93F94AB16E3D}" coords="(0,0,95,24)"/>
        </link>
      </links>
      <horizontalScrollbarProgress>0</horizontalScrollbarProgress>
      <horizontalScrollbarShow>False</horizontalScrollbarShow>
      <verticalScrollbarProgress>0</verticalScrollbarProgress>
      <verticalScrollbarShow>False</verticalScrollbarShow>
      <states/>
      <isShow>True</isShow>
      <caption>%E6%8C%89%E9%92%AE</caption>
      <locked>False</locked>
      <sizeLocked>False</sizeLocked>
    </control>
    <control controlID="E5E780B4-6CBC-44A6-BCD7-D16648B796EA" controlTypeID="Icon" x="142" y="175" w="91" h="91" measuredW="32" measuredH="32" zOrder="10">
      <rotation>0</rotation>
      <alias/>
      <canMove>True</canMove>
      <isCommentCom>False</isCommentCom>
      <opacity>1</opacity>
      <status>MsEnabled</status>
      <isAutoSize>False</isAutoSize>
      <borderColor>4284900966</borderColor>
      <borderVisible>True</borderVisible>
      <color>4291611852</color>
      <flipVertical>False</flipVertical>
      <flipHorizontal>False</flipHorizontal>
      <URL>46BE05D6127E6CCC0C8AE92AC3027C63.svg</URL>
      <icon>
        <ID/>
        <iconFontName>jdIcoFont</iconFontName>
        <iconCode>59013</iconCode>
      </icon>
      <rotationAngle>TdZero</rotationAngle>
      <interactiveData>
        <entry title="">
          <area shape="0" alt="" ID="{4DCDB4C5-45BB-4B18-B2D7-608BD56641D0}" coords="(0,0,91,91)"/>
          <events title=""/>
        </entry>
      </interactiveData>
      <links eventType="AtClick" animate="AmNone" animateAutoDelay="0" animateDuration="500">
        <link targetPageID="" linkType="ltPageLink" isApplyIncludePage="False" title="%E9%93%BE%E6%8E%A5">
          <area shape="0" alt="" ID="{1EE41534-012C-40D5-9B6F-A7C9830662D0}" coords="(0,0,91,91)"/>
        </link>
      </links>
      <horizontalScrollbarProgress>0</horizontalScrollbarProgress>
      <horizontalScrollbarShow>False</horizontalScrollbarShow>
      <verticalScrollbarProgress>0</verticalScrollbarProgress>
      <verticalScrollbarShow>False</verticalScrollbarShow>
      <states/>
      <isShow>True</isShow>
      <caption>%E5%9B%BE%E6%A0%87</caption>
      <locked>False</locked>
      <sizeLocked>False</sizeLocked>
    </control>
    <control controlID="8378B8AD-A104-4295-950C-DFA002FA02B2" controlTypeID="Label" x="128" y="292" w="120" h="20" measuredW="0" measuredH="0" zOrder="11">
      <text>%E6%9A%82%E6%97%B6%E6%B2%A1%E6%9C%89%E7%9B%B8%E5%85%B3%E5%86%85%E5%AE%B9</text>
      <font family="%E5%BE%AE%E8%BD%AF%E9%9B%85%E9%BB%91" displayName="%E5%BE%AE%E8%BD%AF%E9%9B%85%E9%BB%91" postScript="" weightStyle="Regular" weight="400" isBold="False" isItalic="False"/>
      <useDefaultTextSize>False</useDefaultTextSize>
      <textStyles>[]</textStyles>
      <lineSpacing>20</lineSpacing>
      <textWordWrap>True</textWordWrap>
      <textVAlign>VaTop</textVAlign>
      <textAlign>HaLeft</textAlign>
      <lineSpacingMultiple>1</lineSpacingMultiple>
      <textSize>15</textSize>
      <textColor>4284900966</textColor>
      <rotation>0</rotation>
      <alias/>
      <canMove>True</canMove>
      <isCommentCom>False</isCommentCom>
      <opacity>1</opacity>
      <status>MsEnabled</status>
      <isAutoSize>True</isAutoSize>
      <borderColor>4284900966</borderColor>
      <borderVisible>True</borderVisible>
      <color>0</color>
      <textPadding>0</textPadding>
      <selectedColor>4282501083</selectedColor>
      <selectedIndex>-1</selectedIndex>
      <interactiveData>
        <entry title="">
          <area shape="0" alt="" ID="{BC4778EB-CBD5-46BF-BCB6-6FB9D48E59BB}" coords="(0,0,120,20)"/>
          <events title=""/>
        </entry>
      </interactiveData>
      <links eventType="AtClick" animate="AmNone" animateAutoDelay="0" animateDuration="500">
        <link targetPageID="" linkType="ltPageLink" isApplyIncludePage="False" title="%E9%93%BE%E6%8E%A5">
          <area shape="0" alt="" ID="{1ECC34C3-A948-4333-9169-EAA077D67C0C}" coords="(0,0,120,20)"/>
        </link>
      </links>
      <horizontalScrollbarProgress>0</horizontalScrollbarProgress>
      <horizontalScrollbarShow>False</horizontalScrollbarShow>
      <verticalScrollbarProgress>0</verticalScrollbarProgress>
      <verticalScrollbarShow>False</verticalScrollbarShow>
      <states/>
      <isShow>True</isShow>
      <caption>%E5%8D%95%E8%A1%8C%E6%96%87%E5%AD%97</caption>
      <locked>False</locked>
      <sizeLocked>False</sizeLocked>
    </control>
    <control controlID="20DDFE31-F604-48C9-ABC2-6F6FE6E16813" controlTypeID="Label" x="71" y="325" w="234" h="18" measuredW="0" measuredH="0" zOrder="12">
      <text>%E6%9B%B4%E5%A4%9A%E8%AE%A2%E5%8D%95%E8%AF%B7%E8%87%B3%E6%90%BA%E7%A8%8B%E6%97%85%E8%A1%8C%E5%AE%98%E7%BD%91%E6%88%96%E5%AE%A2%E6%88%B7%E7%AB%AF%E6%9F%A5%E8%AF%A2</text>
      <font family="%E5%BE%AE%E8%BD%AF%E9%9B%85%E9%BB%91" displayName="%E5%BE%AE%E8%BD%AF%E9%9B%85%E9%BB%91" postScript="" weightStyle="Regular" weight="400" isBold="False" isItalic="False"/>
      <useDefaultTextSize>False</useDefaultTextSize>
      <textStyles>[]</textStyles>
      <lineSpacing>17</lineSpacing>
      <textWordWrap>True</textWordWrap>
      <textVAlign>VaTop</textVAlign>
      <textAlign>HaLeft</textAlign>
      <lineSpacingMultiple>1</lineSpacingMultiple>
      <textSize>13</textSize>
      <textColor>4288256409</textColor>
      <rotation>0</rotation>
      <alias/>
      <canMove>True</canMove>
      <isCommentCom>False</isCommentCom>
      <opacity>1</opacity>
      <status>MsEnabled</status>
      <isAutoSize>True</isAutoSize>
      <borderColor>4284900966</borderColor>
      <borderVisible>True</borderVisible>
      <color>0</color>
      <textPadding>0</textPadding>
      <selectedColor>4282501083</selectedColor>
      <selectedIndex>-1</selectedIndex>
      <interactiveData>
        <entry title="">
          <area shape="0" alt="" ID="{BC4778EB-CBD5-46BF-BCB6-6FB9D48E59BB}" coords="(0,0,234,18)"/>
          <events title=""/>
        </entry>
      </interactiveData>
      <links eventType="AtClick" animate="AmNone" animateAutoDelay="0" animateDuration="500">
        <link targetPageID="" linkType="ltPageLink" isApplyIncludePage="False" title="%E9%93%BE%E6%8E%A5">
          <area shape="0" alt="" ID="{1ECC34C3-A948-4333-9169-EAA077D67C0C}" coords="(0,0,234,18)"/>
        </link>
      </links>
      <horizontalScrollbarProgress>0</horizontalScrollbarProgress>
      <horizontalScrollbarShow>False</horizontalScrollbarShow>
      <verticalScrollbarProgress>0</verticalScrollbarProgress>
      <verticalScrollbarShow>False</verticalScrollbarShow>
      <states/>
      <isShow>True</isShow>
      <caption>%E5%8D%95%E8%A1%8C%E6%96%87%E5%AD%97</caption>
      <locked>False</locked>
      <sizeLocked>False</sizeLocked>
    </control>
    <control controlID="285E8F9F-3518-4852-8427-6D28A7A48616" controlTypeID="PopupPanel" x="427" y="40" w="46" h="46" measuredW="0" measuredH="0" zOrder="13">
      <rotation>0</rotation>
      <alias/>
      <canMove>True</canMove>
      <isCommentCom>False</isCommentCom>
      <opacity>1</opacity>
      <status>MsEnabled</status>
      <isAutoSize>False</isAutoSize>
      <borderColor>4284900966</borderColor>
      <borderVisible>False</borderVisible>
      <color>1879048192</color>
      <groupChildrenDescriptors>
        <control controlID="B78B1383-C265-47ED-8459-FEE27E210232" controlTypeID="Panel" x="0" y="0" w="375" h="667" measuredW="0" measuredH="0" zOrder="0">
          <rotation>0</rotation>
          <alias>background</alias>
          <canMove>False</canMove>
          <isCommentCom>False</isCommentCom>
          <opacity>1</opacity>
          <status>MsEnabled</status>
          <isAutoSize>False</isAutoSize>
          <borderColor>4284900966</borderColor>
          <borderVisible>False</borderVisible>
          <color>1879048192</color>
          <dashMode>SdSolid</dashMode>
          <thinkness>1</thinkness>
          <groupChildrenDescriptors>
            <control controlID="F4CC0F2B-44C3-4B0F-82FB-9006D08703E3" controlTypeID="Border" x="0" y="0" w="375" h="667" measuredW="0" measuredH="0" zOrder="0">
              <rotation>0</rotation>
              <alias>borderLayer</alias>
              <canMove>True</canMove>
              <isCommentCom>False</isCommentCom>
              <opacity>1</opacity>
              <status>MsEnabled</status>
              <isAutoSize>False</isAutoSize>
              <borderColor>4284900966</borderColor>
              <borderVisible>False</borderVisible>
              <color>4294967295</color>
              <dashMode>SdSolid</dashMode>
              <thickness>1</thickness>
              <interactiveData>
                <entry title="">
                  <area shape="0" alt="" ID="{20D58D19-0DA5-46C7-8769-C9CF09A9A787}" coords="(0,0,375,667)"/>
                  <events title=""/>
                </entry>
              </interactiveData>
              <links eventType="AtClick" animate="AmSlideUp" animateAutoDelay="0" animateDuration="500">
                <link targetPageID="" linkType="ltPageLink" isApplyIncludePage="False" title="%E9%93%BE%E6%8E%A5">
                  <area shape="0" alt="" ID="{83D81722-08F9-49A9-BB24-6E6030E625FA}" coords="(0,0,375,667)"/>
                </link>
              </links>
              <horizontalScrollbarProgress>0</horizontalScrollbarProgress>
              <horizontalScrollbarShow>False</horizontalScrollbarShow>
              <verticalScrollbarProgress>0</verticalScrollbarProgress>
              <verticalScrollbarShow>False</verticalScrollbarShow>
              <states/>
              <isShow>True</isShow>
              <caption>Border</caption>
              <locked>True</locked>
              <sizeLocked>False</sizeLocked>
            </control>
          </groupChildrenDescriptors>
          <interactiveData>
            <entry title="">
              <area shape="0" alt="" ID="{8D799871-3359-46CF-8691-4E3D3DC0EB94}" coords="(0,0,375,667)"/>
              <events title=""/>
            </entry>
          </interactiveData>
          <links eventType="AtClick" animate="AmSlideUp" animateAutoDelay="0" animateDuration="500">
            <link targetPageID="" linkType="ltPageLink" isApplyIncludePage="False" title="%E9%93%BE%E6%8E%A5">
              <area shape="0" alt="" ID="{B7BD06D3-4195-4BC1-B0DE-CF0DB9EEEC0F}" coords="(0,0,375,667)"/>
            </link>
          </links>
          <horizontalScrollbarProgress>0</horizontalScrollbarProgress>
          <horizontalScrollbarShow>False</horizontalScrollbarShow>
          <verticalScrollbarProgress>0</verticalScrollbarProgress>
          <verticalScrollbarShow>False</verticalScrollbarShow>
          <states/>
          <isShow>True</isShow>
          <caption>%E9%9D%A2%E6%9D%BF</caption>
          <locked>True</locked>
          <sizeLocked>False</sizeLocked>
        </control>
        <control controlID="3F3DC458-B2D0-4304-8321-5F8E83C807F2" controlTypeID="PopupPanelContent" x="-1" y="511" w="376" h="156" measuredW="0" measuredH="0" zOrder="1">
          <rotation>0</rotation>
          <alias>content</alias>
          <canMove>True</canMove>
          <isCommentCom>False</isCommentCom>
          <opacity>1</opacity>
          <status>MsEnabled</status>
          <isAutoSize>False</isAutoSize>
          <borderColor>4284900966</borderColor>
          <borderVisible>False</borderVisible>
          <color>16777215</color>
          <groupChildrenDescriptors>
            <control controlID="7277BAE3-C238-4C59-8A8A-665A3A86C2C9" controlTypeID="Shape" x="1" y="0" w="375" h="102" measuredW="120" measuredH="100" zOrder="0">
              <font family="%E5%BE%AE%E8%BD%AF%E9%9B%85%E9%BB%91" displayName="%E5%BE%AE%E8%BD%AF%E9%9B%85%E9%BB%91" postScript="" weightStyle="Regular" weight="400" isBold="False" isItalic="False"/>
              <useDefaultTextSize>True</useDefaultTextSize>
              <textStyles>[]</textStyles>
              <lineSpacing>18</lineSpacing>
              <textWordWrap>True</textWordWrap>
              <textVAlign>VaMiddle</textVAlign>
              <textAlign>HaCenter</textAlign>
              <lineSpacingMultiple>1</lineSpacingMultiple>
              <textSize>14</textSize>
              <textColor>4278190080</textColor>
              <rotation>0</rotation>
              <alias/>
              <canMove>True</canMove>
              <isCommentCom>False</isCommentCom>
              <opacity>1</opacity>
              <status>MsEnabled</status>
              <isAutoSize>False</isAutoSize>
              <borderColor>4284900966</borderColor>
              <borderVisible>False</borderVisible>
              <color>4294967295</color>
              <borderMode>[bmLeft,bmTop,bmRight,bmBottom]</borderMode>
              <thickness>1</thickness>
              <radiusIsPercent>False</radiusIsPercent>
              <radius>0</radius>
              <dashMode>SdSolid</dashMode>
              <triangleType>TdZero</triangleType>
              <shapeBorderType>SbRectangle</shapeBorderType>
              <textPadding>0</textPadding>
              <selectedColor>4282501083</selectedColor>
              <selectedIndex>-1</selectedIndex>
              <interactiveData>
                <entry title="">
                  <area shape="0" alt="" ID="{A1E4956D-6792-4DD0-B06B-DEAD9E3F8E95}" coords="(0,0,375,102)"/>
                  <events title=""/>
                </entry>
              </interactiveData>
              <links eventType="AtClick" animate="AmSlideUp" animateAutoDelay="0" animateDuration="500">
                <link targetPageID="" linkType="ltPageLink" isApplyIncludePage="False" title="%E9%93%BE%E6%8E%A5">
                  <area shape="0" alt="" ID="{78C21EA9-5BD5-4036-A469-5179D6714B9E}" coords="(0,0,375,102)"/>
                </link>
              </links>
              <horizontalScrollbarProgress>0</horizontalScrollbarProgress>
              <horizontalScrollbarShow>False</horizontalScrollbarShow>
              <verticalScrollbarProgress>0</verticalScrollbarProgress>
              <verticalScrollbarShow>False</verticalScrollbarShow>
              <states/>
              <isShow>True</isShow>
              <caption>%E5%BD%A2%E7%8A%B6</caption>
              <locked>False</locked>
              <sizeLocked>False</sizeLocked>
            </control>
            <control controlID="18121BBD-F1AE-4C59-B3B6-684F52C03FD2" controlTypeID="Shape" x="1" y="102" w="375" h="54" measuredW="120" measuredH="100" zOrder="1">
              <text>%E5%8F%96%E6%B6%88</text>
              <font family="%E5%BE%AE%E8%BD%AF%E9%9B%85%E9%BB%91" displayName="%E5%BE%AE%E8%BD%AF%E9%9B%85%E9%BB%91" postScript="" weightStyle="Regular" weight="400" isBold="False" isItalic="False"/>
              <useDefaultTextSize>False</useDefaultTextSize>
              <textStyles>[]</textStyles>
              <lineSpacing>21</lineSpacing>
              <textWordWrap>True</textWordWrap>
              <textVAlign>VaMiddle</textVAlign>
              <textAlign>HaCenter</textAlign>
              <lineSpacingMultiple>1</lineSpacingMultiple>
              <textSize>16</textSize>
              <textColor>4278190080</textColor>
              <rotation>0</rotation>
              <alias/>
              <canMove>True</canMove>
              <isCommentCom>False</isCommentCom>
              <opacity>1</opacity>
              <status>MsEnabled</status>
              <isAutoSize>False</isAutoSize>
              <borderColor>4291611852</borderColor>
              <borderVisible>True</borderVisible>
              <color>4294967295</color>
              <borderMode>[bmTop]</borderMode>
              <thickness>6</thickness>
              <radiusIsPercent>False</radiusIsPercent>
              <radius>0</radius>
              <dashMode>SdSolid</dashMode>
              <triangleType>TdZero</triangleType>
              <shapeBorderType>SbRectangle</shapeBorderType>
              <textPadding>0</textPadding>
              <selectedColor>4282501083</selectedColor>
              <selectedIndex>-1</selectedIndex>
              <interactiveData>
                <entry title="">
                  <area shape="0" alt="" ID="{A1E4956D-6792-4DD0-B06B-DEAD9E3F8E95}" coords="(0,0,375,54)"/>
                  <events title="">
                    <event eventType="atClick" isChecked="True">
                      <behaviour title="" isChecked="True" isWait="False" isLoop="False" execMode="emParallel">
                        <target targetID="285E8F9F-3518-4852-8427-6D28A7A48616" isChecked="True" isAutoRecovery="False" isLoop="False" execMode="emSequence">
                          <command name="Popup State Change" isChecked="True" descrition="">
                            <param name="AniInterpolation" value="0" varType="3" description=""/>
                            <param name="AniDuration" value="200" varType="3" description=""/>
                            <param name="AniAutoReverse" value="False" varType="11" description=""/>
                            <param name="AniLoop" value="False" varType="11" description=""/>
                            <param name="AniInterpolationTypeOut" value="False" varType="11" description=""/>
                            <param name="Delay" value="0" varType="3" description=""/>
                            <param name="Value" value="2" varType="3" description=""/>
                            <param name="AniType" value="0" varType="3" description=""/>
                          </command>
                        </target>
                      </behaviour>
                    </event>
                  </events>
                </entry>
              </interactiveData>
              <links eventType="AtClick" animate="AmSlideUp" animateAutoDelay="0" animateDuration="500">
                <link targetPageID="" linkType="ltPageLink" isApplyIncludePage="False" title="%E9%93%BE%E6%8E%A5">
                  <area shape="0" alt="" ID="{78C21EA9-5BD5-4036-A469-5179D6714B9E}" coords="(0,0,375,54)"/>
                </link>
              </links>
              <horizontalScrollbarProgress>0</horizontalScrollbarProgress>
              <horizontalScrollbarShow>False</horizontalScrollbarShow>
              <verticalScrollbarProgress>0</verticalScrollbarProgress>
              <verticalScrollbarShow>False</verticalScrollbarShow>
              <states/>
              <isShow>True</isShow>
              <caption>%E5%BD%A2%E7%8A%B6</caption>
              <locked>False</locked>
              <sizeLocked>False</sizeLocked>
            </control>
            <control controlID="D5EE3227-0D21-4CE8-9D0D-E44610F5A4B9" controlTypeID="Image" x="99" y="13" w="25" h="25" measuredW="150" measuredH="150" zOrder="2">
              <rotation>0</rotation>
              <alias/>
              <canMove>True</canMove>
              <isCommentCom>False</isCommentCom>
              <opacity>1</opacity>
              <status>MsEnabled</status>
              <isAutoSize>False</isAutoSize>
              <borderColor>4284900966</borderColor>
              <borderVisible>False</borderVisible>
              <color>4294967295</color>
              <showText>True</showText>
              <fitMode>fmStretch</fitMode>
              <flipVertical>False</flipVertical>
              <flipHorizontal>False</flipHorizontal>
              <URL>606A1CCA5FFE3E3A9E0C59A392DDEE4F.png</URL>
              <radiusIsPercent>False</radiusIsPercent>
              <radius>0</radius>
              <clipShapeType>SbRectangle</clipShapeType>
              <rotationAngle>TdZero</rotationAngle>
              <interactiveData>
                <entry title="">
                  <area shape="0" alt="" ID="{655C8E94-4ACC-4D64-8810-1B54035DCD63}" coords="(0,0,25,25)"/>
                  <events title=""/>
                </entry>
              </interactiveData>
              <links eventType="AtClick" animate="AmSlideUp" animateAutoDelay="0" animateDuration="500">
                <link targetPageID="" linkType="ltPageLink" isApplyIncludePage="False" title="%E9%93%BE%E6%8E%A5">
                  <area shape="0" alt="" ID="{EE561870-D69F-40A0-AF6D-508F01BB7777}" coords="(0,0,25,25)"/>
                </link>
              </links>
              <horizontalScrollbarProgress>0</horizontalScrollbarProgress>
              <horizontalScrollbarShow>False</horizontalScrollbarShow>
              <verticalScrollbarProgress>0</verticalScrollbarProgress>
              <verticalScrollbarShow>False</verticalScrollbarShow>
              <states/>
              <isShow>True</isShow>
              <caption>%E5%9B%BE%E7%89%87</caption>
              <locked>False</locked>
              <sizeLocked>False</sizeLocked>
            </control>
            <control controlID="C7B14BDF-11C2-4EA6-94D9-93397ECF99B2" controlTypeID="Label" x="135" y="14" w="144" h="22" measuredW="0" measuredH="0" zOrder="3">
              <text>%E6%90%BA%E7%A8%8B%E9%85%92%E5%BA%97%E6%9C%BA%E7%A5%A8%E7%81%AB%E8%BD%A6%E7%A5%A8</text>
              <font family="%E5%BE%AE%E8%BD%AF%E9%9B%85%E9%BB%91" displayName="%E5%BE%AE%E8%BD%AF%E9%9B%85%E9%BB%91" postScript="" weightStyle="Regular" weight="400" isBold="False" isItalic="False"/>
              <useDefaultTextSize>False</useDefaultTextSize>
              <textStyles>[]</textStyles>
              <lineSpacing>21</lineSpacing>
              <textWordWrap>True</textWordWrap>
              <textVAlign>VaTop</textVAlign>
              <textAlign>HaLeft</textAlign>
              <lineSpacingMultiple>1</lineSpacingMultiple>
              <textSize>16</textSize>
              <textColor>4278190080</textColor>
              <rotation>0</rotation>
              <alias/>
              <canMove>True</canMove>
              <isCommentCom>False</isCommentCom>
              <opacity>1</opacity>
              <status>MsEnabled</status>
              <isAutoSize>True</isAutoSize>
              <borderColor>4284900966</borderColor>
              <borderVisible>True</borderVisible>
              <color>0</color>
              <textPadding>0</textPadding>
              <selectedColor>4282501083</selectedColor>
              <selectedIndex>-1</selectedIndex>
              <interactiveData>
                <entry title="">
                  <area shape="0" alt="" ID="{31EA5FCD-21B4-452A-A2DE-12A75199F9F4}" coords="(0,0,144,22)"/>
                  <events title=""/>
                </entry>
              </interactiveData>
              <links eventType="AtClick" animate="AmSlideUp" animateAutoDelay="0" animateDuration="500">
                <link targetPageID="" linkType="ltPageLink" isApplyIncludePage="False" title="%E9%93%BE%E6%8E%A5">
                  <area shape="0" alt="" ID="{6441FB56-4788-47E0-A4C4-C703806BDBA0}" coords="(0,0,144,22)"/>
                </link>
              </links>
              <horizontalScrollbarProgress>0</horizontalScrollbarProgress>
              <horizontalScrollbarShow>False</horizontalScrollbarShow>
              <verticalScrollbarProgress>0</verticalScrollbarProgress>
              <verticalScrollbarShow>False</verticalScrollbarShow>
              <states/>
              <isShow>True</isShow>
              <caption>%E5%8D%95%E8%A1%8C%E6%96%87%E5%AD%97</caption>
              <locked>False</locked>
              <sizeLocked>False</sizeLocked>
            </control>
            <control controlID="528E3044-83F3-4C87-A681-50AE2932705F" controlTypeID="Label" x="132" y="65" w="112" h="22" measuredW="0" measuredH="0" zOrder="4">
              <text>%E6%98%BE%E7%A4%BA%E5%9C%A8%E8%81%8A%E5%A4%A9%E9%A1%B6%E9%83%A8</text>
              <font family="%E5%BE%AE%E8%BD%AF%E9%9B%85%E9%BB%91" displayName="%E5%BE%AE%E8%BD%AF%E9%9B%85%E9%BB%91" postScript="" weightStyle="Regular" weight="400" isBold="False" isItalic="False"/>
              <useDefaultTextSize>False</useDefaultTextSize>
              <textStyles>[]</textStyles>
              <lineSpacing>21</lineSpacing>
              <textWordWrap>True</textWordWrap>
              <textVAlign>VaTop</textVAlign>
              <textAlign>HaLeft</textAlign>
              <lineSpacingMultiple>1</lineSpacingMultiple>
              <textSize>16</textSize>
              <textColor>4278190080</textColor>
              <rotation>0</rotation>
              <alias/>
              <canMove>True</canMove>
              <isCommentCom>False</isCommentCom>
              <opacity>1</opacity>
              <status>MsEnabled</status>
              <isAutoSize>True</isAutoSize>
              <borderColor>4284900966</borderColor>
              <borderVisible>True</borderVisible>
              <color>0</color>
              <textPadding>0</textPadding>
              <selectedColor>4282501083</selectedColor>
              <selectedIndex>-1</selectedIndex>
              <interactiveData>
                <entry title="">
                  <area shape="0" alt="" ID="{31EA5FCD-21B4-452A-A2DE-12A75199F9F4}" coords="(0,0,112,22)"/>
                  <events title="">
                    <event eventType="atClick" isChecked="True">
                      <behaviour title="" isChecked="True" isWait="False" isLoop="False" execMode="emParallel">
                        <target targetID="285E8F9F-3518-4852-8427-6D28A7A48616" isChecked="True" isAutoRecovery="False" isLoop="False" execMode="emSequence">
                          <command name="Popup State Change" isChecked="True" descrition="">
                            <param name="AniInterpolation" value="0" varType="3" description=""/>
                            <param name="AniDuration" value="200" varType="3" description=""/>
                            <param name="AniAutoReverse" value="False" varType="11" description=""/>
                            <param name="AniLoop" value="False" varType="11" description=""/>
                            <param name="AniInterpolationTypeOut" value="False" varType="11" description=""/>
                            <param name="Delay" value="0" varType="3" description=""/>
                            <param name="Value" value="2" varType="3" description=""/>
                            <param name="AniType" value="0" varType="3" description=""/>
                          </command>
                        </target>
                      </behaviour>
                    </event>
                  </events>
                </entry>
              </interactiveData>
              <links eventType="AtClick" animate="AmSlideUp" animateAutoDelay="0" animateDuration="500">
                <link targetPageID="" linkType="ltPageLink" isApplyIncludePage="False" title="%E9%93%BE%E6%8E%A5">
                  <area shape="0" alt="" ID="{6441FB56-4788-47E0-A4C4-C703806BDBA0}" coords="(0,0,112,22)"/>
                </link>
              </links>
              <horizontalScrollbarProgress>0</horizontalScrollbarProgress>
              <horizontalScrollbarShow>False</horizontalScrollbarShow>
              <verticalScrollbarProgress>0</verticalScrollbarProgress>
              <verticalScrollbarShow>False</verticalScrollbarShow>
              <states/>
              <isShow>True</isShow>
              <caption>%E5%8D%95%E8%A1%8C%E6%96%87%E5%AD%97</caption>
              <locked>False</locked>
              <sizeLocked>False</sizeLocked>
            </control>
            <control controlID="912086E0-F9CD-48B4-8D43-F414AB80308F" controlTypeID="Line" x="0" y="51" w="376" h="1" measuredW="120" measuredH="120" zOrder="5">
              <font family="%E5%BE%AE%E8%BD%AF%E9%9B%85%E9%BB%91" displayName="%E5%BE%AE%E8%BD%AF%E9%9B%85%E9%BB%91" postScript="" weightStyle="Regular" weight="400" isBold="False" isItalic="False"/>
              <useDefaultTextSize>True</useDefaultTextSize>
              <textStyles>[]</textStyles>
              <lineSpacing>18</lineSpacing>
              <textWordWrap>True</textWordWrap>
              <textVAlign>VaTop</textVAlign>
              <textAlign>HaCenter</textAlign>
              <lineSpacingMultiple>1</lineSpacingMultiple>
              <textSize>14</textSize>
              <textColor>4278190080</textColor>
              <rotation>0</rotation>
              <alias/>
              <canMove>True</canMove>
              <isCommentCom>False</isCommentCom>
              <opacity>1</opacity>
              <status>MsEnabled</status>
              <isAutoSize>False</isAutoSize>
              <borderColor>4284900966</borderColor>
              <borderVisible>True</borderVisible>
              <color>4293190884</color>
              <isTextPosCenter>True</isTextPosCenter>
              <isCurved>True</isCurved>
              <showEndArrow>0</showEndArrow>
              <showStartArrow>0</showStartArrow>
              <textBorderColor>4284900966</textBorderColor>
              <textBackgroundColor>4294967295</textBackgroundColor>
              <dashMode>SdSolid</dashMode>
              <thickness>1</thickness>
              <endPoint>(376,0)</endPoint>
              <startPoint>(1,0)</startPoint>
              <controlPoint>(188.5,0)</controlPoint>
              <textPadding>0</textPadding>
              <selectedColor>4282501083</selectedColor>
              <selectedIndex>-1</selectedIndex>
              <interactiveData>
                <entry title="">
                  <area shape="0" alt="" ID="{D7243E46-BF68-4940-86BF-4B71C81EDFC6}" coords="(0,0,376,1)"/>
                  <events title=""/>
                </entry>
              </interactiveData>
              <links eventType="AtClick" animate="AmSlideUp" animateAutoDelay="0" animateDuration="500">
                <link targetPageID="" linkType="ltPageLink" isApplyIncludePage="False" title="%E9%93%BE%E6%8E%A5">
                  <area shape="0" alt="" ID="{3DD9978C-6697-4769-8A02-3AC882A3D3CD}" coords="(0,0,376,1)"/>
                </link>
              </links>
              <horizontalScrollbarProgress>0</horizontalScrollbarProgress>
              <horizontalScrollbarShow>False</horizontalScrollbarShow>
              <verticalScrollbarProgress>0</verticalScrollbarProgress>
              <verticalScrollbarShow>False</verticalScrollbarShow>
              <states/>
              <isShow>True</isShow>
              <caption>%E7%BA%BF%E6%AE%B5</caption>
              <locked>False</locked>
              <sizeLocked>False</sizeLocked>
            </control>
          </groupChildrenDescriptors>
          <interactiveData>
            <entry title="">
              <area shape="0" alt="" ID="{D0DBB704-7348-4B01-BF27-231C117957A9}" coords="(0,0,375,667)"/>
              <events title=""/>
            </entry>
          </interactiveData>
          <links eventType="AtClick" animate="AmSlideUp" animateAutoDelay="0" animateDuration="500">
            <link targetPageID="" linkType="ltPageLink" isApplyIncludePage="False" title="%E9%93%BE%E6%8E%A5">
              <area shape="0" alt="" ID="{A287E0EC-73CA-4FB1-8467-EA75F2E7D685}" coords="(0,0,375,667)"/>
            </link>
          </links>
          <horizontalScrollbarProgress>0</horizontalScrollbarProgress>
          <horizontalScrollbarShow>False</horizontalScrollbarShow>
          <verticalScrollbarProgress>0</verticalScrollbarProgress>
          <verticalScrollbarShow>False</verticalScrollbarShow>
          <states/>
          <isShow>True</isShow>
          <caption>%E6%9C%AA%E7%9F%A5...</caption>
          <locked>True</locked>
          <sizeLocked>False</sizeLocked>
        </control>
      </groupChildrenDescriptors>
      <interactiveData>
        <entry title="">
          <area shape="0" alt="" ID="{E51D5637-373A-4A5D-908D-6983347B5D97}" coords="(0,0,46,46)"/>
          <events title=""/>
        </entry>
      </interactiveData>
      <links eventType="AtClick" animate="AmSlideUp" animateAutoDelay="0" animateDuration="500">
        <link targetPageID="" linkType="ltPageLink" isApplyIncludePage="False" title="%E9%93%BE%E6%8E%A5">
          <area shape="0" alt="" ID="{00FB442F-2A23-44DD-B30E-1032DB3AB0E0}" coords="(0,0,46,46)"/>
        </link>
      </links>
      <horizontalScrollbarProgress>0</horizontalScrollbarProgress>
      <horizontalScrollbarShow>False</horizontalScrollbarShow>
      <verticalScrollbarProgress>0</verticalScrollbarProgress>
      <verticalScrollbarShow>False</verticalScrollbarShow>
      <states/>
      <isBackgroundFade>False</isBackgroundFade>
      <aniType_Mobile>aniMoveUp</aniType_Mobile>
      <aniType>dnNone</aniType>
      <closeByClickMode>cmClickOutSizeArea</closeByClickMode>
      <closeByKeyModes>[kmEsc,kmEnter]</closeByKeyModes>
      <isShowBackground>True</isShowBackground>
      <delayBeforePopup>0</delayBeforePopup>
      <aniDuration>200</aniDuration>
      <positionPolicy>ppFree</positionPolicy>
      <positionMargin>0</positionMargin>
      <positionScreenMode>psCenter</positionScreenMode>
      <positionComMode>pcBottom</positionComMode>
      <isShow>True</isShow>
      <caption>%E6%9B%B4%E5%A4%9A</caption>
      <locked>False</locked>
      <sizeLocked>False</sizeLocked>
    </control>
  </controls>
  <param>
    <backgroundColor>4293914607</backgroundColor>
    <fontSize>14</fontSize>
    <fontFamily>%E5%BE%AE%E8%BD%AF%E9%9B%85%E9%BB%91</fontFamily>
    <guideLines/>
  </param>
</mockup>