﻿<LinkSources version="1.02">
  <page ID="0E06F3F2-769C-49FE-8C8F-9B6C88465918">
    <linkSource sourcePageID="4B843E32-7862-48E1-8E20-F6F0205ACC8E" comID="4B4D46CA-6872-4F47-B951-8A8BC3CC8D39" comLinkType="cltPageLink"/>
    <linkSource sourcePageID="D1509F9C-23D9-4878-9F19-E57F9EC85CEE" comID="97CA6A46-081F-4AEA-92E3-B9714DDBD933" comLinkType="cltPageLink"/>
    <linkSource sourcePageID="A4FE4D28-15E0-4D85-BC58-7CFC8D686A1F" comID="8C80BE29-D8F0-4A07-B033-6BE6A7E7D762" comLinkType="cltPageLink"/>
    <linkSource sourcePageID="9EA5938E-E7AB-49C3-8C65-AFFC7867083C" comID="83D9E2EA-F3DC-40A6-9B5E-BC084FC15B18" comLinkType="cltPageLink"/>
    <linkSource sourcePageID="C32B9453-1912-4F97-92EA-DAC55491158B" comID="C1F3D720-68D1-4F59-8317-C0D889BCE38A" comLinkType="cltPageLink"/>
    <linkSource sourcePageID="9C709320-AFFC-4F0D-9FB3-025750FBEA6A" comID="8511000C-BAA2-41B1-8A42-A0CD9F8C2DEF" comLinkType="cltPageLink"/>
    <linkSource sourcePageID="5A93CC69-6CA8-4F77-9E9E-0E6070D03858" comID="D61225DF-BD1C-4BB6-A2EC-2543AD5407EE" comLinkType="cltPageLink"/>
    <linkSource sourcePageID="96B0DC6D-569F-432E-AC35-CED163C8A5E7" comID="455CB53E-8C5D-4AAB-853E-4753A995AC0A" comLinkType="cltPageLink"/>
    <linkSource sourcePageID="D77E96E0-A695-4435-8134-A67052B7E2F4" comID="80D06B6C-21AC-4E3C-9586-A304E40718E0" comLinkType="cltPageLink"/>
    <linkSource sourcePageID="8B35FC5B-8FAF-459F-9B55-EC47E168618C" comID="BEF88FA2-6AD4-46CE-8060-366B00A71517" comLinkType="cltPageLink"/>
    <linkSource sourcePageID="5A93CC69-6CA8-4F77-9E9E-0E6070D03858" comID="F80D9C1F-CE64-4E56-B65C-BD782D7EF073" comLinkType="cltPageLink"/>
    <linkSource sourcePageID="2B812751-0424-4DCC-8662-8130C19F559A" comID="F5C3B2A2-999F-4160-96A5-0296D7182D67" comLinkType="cltPageLink"/>
    <linkSource sourcePageID="4A044328-DEEA-4701-BDA1-165F9309E24E" comID="0FE2EAEF-6B80-4272-834A-CD3699F00E55" comLinkType="cltPageLink"/>
    <linkSource sourcePageID="A8CF070F-8E5D-4B12-BE18-A3B1E524DECB" comID="D921A855-17C8-461D-BAF5-B4A5CC4F43E8" comLinkType="cltPageLink"/>
    <linkSource sourcePageID="F05102CC-9E5B-E911-89AF-DCA90488C48F" comID="D61225DF-BD1C-4BB6-A2EC-2543AD5407EE" comLinkType="cltPageLink"/>
    <linkSource sourcePageID="0C0FF049-575E-E911-B6F5-DCA90488C48F" comID="97CA6A46-081F-4AEA-92E3-B9714DDBD933" comLinkType="cltPageLink"/>
    <linkSource sourcePageID="DAC7F049-575E-E911-B6F5-DCA90488C48F" comID="D61225DF-BD1C-4BB6-A2EC-2543AD5407EE" comLinkType="cltPageLink"/>
    <linkSource sourcePageID="006AA56C-255F-E911-8D21-DCA90488C48F" comID="97CA6A46-081F-4AEA-92E3-B9714DDBD933" comLinkType="cltPageLink"/>
    <linkSource sourcePageID="B22AA66C-255F-E911-8D21-DCA90488C48F" comID="D61225DF-BD1C-4BB6-A2EC-2543AD5407EE" comLinkType="cltPageLink"/>
    <linkSource sourcePageID="94A78023-265F-E911-8D21-DCA90488C48F" comID="D61225DF-BD1C-4BB6-A2EC-2543AD5407EE" comLinkType="cltPageLink"/>
    <linkSource sourcePageID="5405F349-575E-E911-B6F5-DCA90488C48F" comID="8511000C-BAA2-41B1-8A42-A0CD9F8C2DEF" comLinkType="cltPageLink"/>
    <linkSource sourcePageID="1AF8FC2B-2861-E911-9EA1-ACDE48001122" comID="D61225DF-BD1C-4BB6-A2EC-2543AD5407EE" comLinkType="cltPageLink"/>
  </page>
  <page ID="A4FE4D28-15E0-4D85-BC58-7CFC8D686A1F">
    <linkSource sourcePageID="D1509F9C-23D9-4878-9F19-E57F9EC85CEE" comID="65B74AB6-8D9B-44A0-AC8F-FB82DAEEEEEC" comLinkType="cltPageLink"/>
    <linkSource sourcePageID="96B0DC6D-569F-432E-AC35-CED163C8A5E7" comID="3BD8A814-2E94-445D-94DC-5E391577A066" comLinkType="cltPageLink"/>
    <linkSource sourcePageID="D77E96E0-A695-4435-8134-A67052B7E2F4" comID="962B0064-C0EE-4D8D-9026-EBE63A645C32" comLinkType="cltPageLink"/>
    <linkSource sourcePageID="5A93CC69-6CA8-4F77-9E9E-0E6070D03858" comID="F80D9C1F-CE64-4E56-B65C-BD782D7EF073" comLinkType="cltPageLink"/>
    <linkSource sourcePageID="2B812751-0424-4DCC-8662-8130C19F559A" comID="B15AD84A-7283-4163-B319-3A66FB35EAF7" comLinkType="cltPageLink"/>
    <linkSource sourcePageID="4A044328-DEEA-4701-BDA1-165F9309E24E" comID="47744FEF-C015-4D33-A44B-6620A6E1A9E1" comLinkType="cltPageLink"/>
    <linkSource sourcePageID="A8CF070F-8E5D-4B12-BE18-A3B1E524DECB" comID="07A3F5FB-40B0-410C-8789-E7A31AEC1C2A" comLinkType="cltPageLink"/>
    <linkSource sourcePageID="F05102CC-9E5B-E911-89AF-DCA90488C48F" comID="F80D9C1F-CE64-4E56-B65C-BD782D7EF073" comLinkType="cltPageLink"/>
    <linkSource sourcePageID="0C0FF049-575E-E911-B6F5-DCA90488C48F" comID="65B74AB6-8D9B-44A0-AC8F-FB82DAEEEEEC" comLinkType="cltPageLink"/>
    <linkSource sourcePageID="006AA56C-255F-E911-8D21-DCA90488C48F" comID="65B74AB6-8D9B-44A0-AC8F-FB82DAEEEEEC" comLinkType="cltPageLink"/>
    <linkSource sourcePageID="0E06F3F2-769C-49FE-8C8F-9B6C88465918" comID="1C2B25C3-2961-E911-9EA1-ACDE48001122" comLinkType="cltPageLink"/>
  </page>
  <page ID="D1509F9C-23D9-4878-9F19-E57F9EC85CEE">
    <linkSource sourcePageID="A4FE4D28-15E0-4D85-BC58-7CFC8D686A1F" comID="B807878C-2F6D-4BAB-B123-CF767B1E7E57" comLinkType="cltPageLink"/>
    <linkSource sourcePageID="4B843E32-7862-48E1-8E20-F6F0205ACC8E" comID="B883D1A2-009E-42EF-9C20-9AC3FE188CD4" comLinkType="cltPageLink"/>
    <linkSource sourcePageID="9EA5938E-E7AB-49C3-8C65-AFFC7867083C" comID="F37DADD7-45BA-4EBE-8B4B-8DA715E950CA" comLinkType="cltPageLink"/>
    <linkSource sourcePageID="C32B9453-1912-4F97-92EA-DAC55491158B" comID="D5F0990A-E1ED-4427-9238-CBED58A4A297" comLinkType="cltPageLink"/>
    <linkSource sourcePageID="9C709320-AFFC-4F0D-9FB3-025750FBEA6A" comID="6AE80209-AAB2-41E8-BA3E-034391B67CBE" comLinkType="cltPageLink"/>
    <linkSource sourcePageID="5A93CC69-6CA8-4F77-9E9E-0E6070D03858" comID="F80D9C1F-CE64-4E56-B65C-BD782D7EF073" comLinkType="cltPageLink"/>
    <linkSource sourcePageID="8B35FC5B-8FAF-459F-9B55-EC47E168618C" comID="B357117D-2D38-48DE-824E-D6B5416DE353" comLinkType="cltPageLink"/>
    <linkSource sourcePageID="2B812751-0424-4DCC-8662-8130C19F559A" comID="B15AD84A-7283-4163-B319-3A66FB35EAF7" comLinkType="cltPageLink"/>
    <linkSource sourcePageID="A4FE4D28-15E0-4D85-BC58-7CFC8D686A1F" comID="7DBF90FB-F403-46CB-B3CE-CC316D606358" comLinkType="cltPageLink"/>
    <linkSource sourcePageID="A4FE4D28-15E0-4D85-BC58-7CFC8D686A1F" comID="ABF5A60E-19B5-4D9E-8668-FDF5C46B6949" comLinkType="cltPageLink"/>
    <linkSource sourcePageID="F05102CC-9E5B-E911-89AF-DCA90488C48F" comID="F80D9C1F-CE64-4E56-B65C-BD782D7EF073" comLinkType="cltPageLink"/>
    <linkSource sourcePageID="1AF8FC2B-2861-E911-9EA1-ACDE48001122" comID="F80D9C1F-CE64-4E56-B65C-BD782D7EF073" comLinkType="cltPageLink"/>
  </page>
  <page ID="F05102CC-9E5B-E911-89AF-DCA90488C48F">
    <linkSource sourcePageID="D1509F9C-23D9-4878-9F19-E57F9EC85CEE" comID="09EFF847-36B4-47BE-AE90-29B111D57AE1" comLinkType="cltPageLink"/>
  </page>
  <page ID="1AF8FC2B-2861-E911-9EA1-ACDE48001122">
    <linkSource sourcePageID="D1509F9C-23D9-4878-9F19-E57F9EC85CEE" comID="08AA2F8F-2961-E911-9EA1-ACDE48001122" comLinkType="cltPageLink"/>
  </page>
  <page ID="5A93CC69-6CA8-4F77-9E9E-0E6070D03858">
    <linkSource sourcePageID="A4FE4D28-15E0-4D85-BC58-7CFC8D686A1F" comID="57160124-3E12-4066-9BEB-520D63854F7A" comLinkType="cltPageLink"/>
    <linkSource sourcePageID="A4FE4D28-15E0-4D85-BC58-7CFC8D686A1F" comID="B807878C-2F6D-4BAB-B123-CF767B1E7E57" comLinkType="cltPageLink"/>
  </page>
  <page ID="0C0FF049-575E-E911-B6F5-DCA90488C48F">
    <linkSource sourcePageID="DAC7F049-575E-E911-B6F5-DCA90488C48F" comID="F80D9C1F-CE64-4E56-B65C-BD782D7EF073" comLinkType="cltPageLink"/>
    <linkSource sourcePageID="5405F349-575E-E911-B6F5-DCA90488C48F" comID="6AE80209-AAB2-41E8-BA3E-034391B67CBE" comLinkType="cltPageLink"/>
    <linkSource sourcePageID="9EF0F449-575E-E911-B6F5-DCA90488C48F" comID="B883D1A2-009E-42EF-9C20-9AC3FE188CD4" comLinkType="cltPageLink"/>
    <linkSource sourcePageID="EEC7F549-575E-E911-B6F5-DCA90488C48F" comID="F37DADD7-45BA-4EBE-8B4B-8DA715E950CA" comLinkType="cltPageLink"/>
    <linkSource sourcePageID="26C1F649-575E-E911-B6F5-DCA90488C48F" comID="D5F0990A-E1ED-4427-9238-CBED58A4A297" comLinkType="cltPageLink"/>
    <linkSource sourcePageID="94A78023-265F-E911-8D21-DCA90488C48F" comID="F80D9C1F-CE64-4E56-B65C-BD782D7EF073" comLinkType="cltPageLink"/>
    <linkSource sourcePageID="A4FE4D28-15E0-4D85-BC58-7CFC8D686A1F" comID="57160124-3E12-4066-9BEB-520D63854F7A" comLinkType="cltPageLink"/>
  </page>
  <page ID="006AA56C-255F-E911-8D21-DCA90488C48F">
    <linkSource sourcePageID="B22AA66C-255F-E911-8D21-DCA90488C48F" comID="F80D9C1F-CE64-4E56-B65C-BD782D7EF073" comLinkType="cltPageLink"/>
    <linkSource sourcePageID="2606A76C-255F-E911-8D21-DCA90488C48F" comID="6AE80209-AAB2-41E8-BA3E-034391B67CBE" comLinkType="cltPageLink"/>
    <linkSource sourcePageID="98E5AA6C-255F-E911-8D21-DCA90488C48F" comID="B883D1A2-009E-42EF-9C20-9AC3FE188CD4" comLinkType="cltPageLink"/>
    <linkSource sourcePageID="C435AC6C-255F-E911-8D21-DCA90488C48F" comID="F37DADD7-45BA-4EBE-8B4B-8DA715E950CA" comLinkType="cltPageLink"/>
    <linkSource sourcePageID="ECEDAD6C-255F-E911-8D21-DCA90488C48F" comID="D5F0990A-E1ED-4427-9238-CBED58A4A297" comLinkType="cltPageLink"/>
    <linkSource sourcePageID="DAC7F049-575E-E911-B6F5-DCA90488C48F" comID="D80091AC-215F-E911-8D21-DCA90488C48F" comLinkType="cltPageLink"/>
    <linkSource sourcePageID="94A78023-265F-E911-8D21-DCA90488C48F" comID="D80091AC-215F-E911-8D21-DCA90488C48F" comLinkType="cltPageLink"/>
    <linkSource sourcePageID="DAC7F049-575E-E911-B6F5-DCA90488C48F" comID="74792B68-6060-E911-9DC7-DCA90488C48F" comLinkType="cltPageLink"/>
  </page>
  <page ID="DAC7F049-575E-E911-B6F5-DCA90488C48F">
    <linkSource sourcePageID="0C0FF049-575E-E911-B6F5-DCA90488C48F" comID="09EFF847-36B4-47BE-AE90-29B111D57AE1" comLinkType="cltPageLink"/>
    <linkSource sourcePageID="006AA56C-255F-E911-8D21-DCA90488C48F" comID="10FD4E12-1F5F-E911-8D21-DCA90488C48F" comLinkType="cltPageLink"/>
  </page>
  <page ID="96B0DC6D-569F-432E-AC35-CED163C8A5E7">
    <linkSource sourcePageID="9C709320-AFFC-4F0D-9FB3-025750FBEA6A" comID="A273FA8B-4E52-40AA-9F1B-DD5B27D558F2" comLinkType="cltPageLink"/>
    <linkSource sourcePageID="9C709320-AFFC-4F0D-9FB3-025750FBEA6A" comID="8AB46AEA-B013-41A6-9155-979B90CD9FF5" comLinkType="cltPageLink"/>
    <linkSource sourcePageID="D77E96E0-A695-4435-8134-A67052B7E2F4" comID="962B0064-C0EE-4D8D-9026-EBE63A645C32" comLinkType="cltPageLink"/>
    <linkSource sourcePageID="5405F349-575E-E911-B6F5-DCA90488C48F" comID="A273FA8B-4E52-40AA-9F1B-DD5B27D558F2" comLinkType="cltPageLink"/>
    <linkSource sourcePageID="5405F349-575E-E911-B6F5-DCA90488C48F" comID="8AB46AEA-B013-41A6-9155-979B90CD9FF5" comLinkType="cltPageLink"/>
  </page>
  <page ID="D77E96E0-A695-4435-8134-A67052B7E2F4">
    <linkSource sourcePageID="96B0DC6D-569F-432E-AC35-CED163C8A5E7" comID="A3854CB9-C8C6-4195-9067-8EF5945ABE36" comLinkType="cltPageLink"/>
  </page>
</LinkSources>