﻿<project version="2.6" name="ctrip" ID="599C7E7D-C4F9-4207-AF18-4A4A30833F05">
  <params>
    <pageParam version="4.8" minAllowVersion="4.8"/>
    <projectParam version="2.6" minAllowVersion="2.6" platform="MtMobile" orientation="MoPortrait" mobileScreenScale="1.77777779102325" mobileType="mmtIOS" pageSize="(375,667)" backgroundColor="4294967295" fontSize="0" fontFamily="" projectType="ptPersonalProject" isShowTitleIndex="False"/>
    <previewParam version="1.0"/>
    <colorParam version="1.0"/>
  </params>
  <pages>
    <page name="小程序列表" ID="0E06F3F2-769C-49FE-8C8F-9B6C88465918" expanded="False" code="VouOqAKbZM" thumbCode="VouOqAKbZM" status="psWhite" isfolder="False" isshownode="True">
      <images>
        <image key="274F8E6597A0B62726A97F81B99D884E.svg"/>
        <image key="AD5FC0E903036D7C7382E652B549B967.png"/>
        <image key="9E2074E408AE2704CDB7EA51B170AFB8.svg"/>
      </images>
    </page>
    <page name="首页" ID="A4FE4D28-15E0-4D85-BC58-7CFC8D686A1F" expanded="True" code="iKo5AxYnyr" thumbCode="9LGHJL9c88" isLastOpen="True" status="psWhite" isfolder="False" isshownode="True">
      <images>
        <image key="E9BC305766B471DFFF8260E11E938D6D.svg"/>
        <image key="8FACD1A6DD0E0A1D0F90FF61845F4023.svg"/>
        <image key="1851334699A24A872953194B7F3E40D6.svg"/>
        <image key="606A1CCA5FFE3E3A9E0C59A392DDEE4F.png"/>
        <image key="2E967326C22523F5F084001B9F4E5BC7.svg"/>
        <image key="91852B86E51F760894554368302F9800.svg"/>
        <image key="FF13A2B19CD46C223D9946FB8B96A233.svg"/>
      </images>
      <page name="我的匹配" ID="D1509F9C-23D9-4878-9F19-E57F9EC85CEE" expanded="True" code="5ueOR8wKyY" thumbCode="5ueOR8wKyY" status="psWhite" isfolder="False" isshownode="True">
        <images>
          <image key="1851334699A24A872953194B7F3E40D6.svg"/>
          <image key="8BE3C7AC8FBB1747163ECAB9AB46AD44.svg"/>
          <image key="274F8E6597A0B62726A97F81B99D884E.svg"/>
          <image key="606A1CCA5FFE3E3A9E0C59A392DDEE4F.png"/>
          <image key="91852B86E51F760894554368302F9800.svg"/>
        </images>
        <page name="小马" ID="F05102CC-9E5B-E911-89AF-DCA90488C48F" expanded="True" code="Z6EDQhmxvf" thumbCode="Z6EDQhmxvf" status="psWhite" isfolder="False" isshownode="True">
          <images>
            <image key="D1B2135231FBF3440EA9687E41D73196.svg"/>
            <image key="1851334699A24A872953194B7F3E40D6.svg"/>
            <image key="8BE3C7AC8FBB1747163ECAB9AB46AD44.svg"/>
            <image key="D9A6B48B1FEBA31C14CD8CB7C4744E0C.svg"/>
            <image key="91852B86E51F760894554368302F9800.svg"/>
            <image key="84E43FD667F4EA128EEFBAD7B03B51F5.svg"/>
          </images>
        </page>
        <page name="王伟" ID="1AF8FC2B-2861-E911-9EA1-ACDE48001122" expanded="True" code="fxQUoHrHBw" thumbCode="fxQUoHrHBw" status="psWhite" isfolder="False" isshownode="True">
          <images>
            <image key="D1B2135231FBF3440EA9687E41D73196.svg"/>
            <image key="91852B86E51F760894554368302F9800.svg"/>
            <image key="1851334699A24A872953194B7F3E40D6.svg"/>
            <image key="8BE3C7AC8FBB1747163ECAB9AB46AD44.svg"/>
            <image key="84E43FD667F4EA128EEFBAD7B03B51F5.svg"/>
            <image key="D9A6B48B1FEBA31C14CD8CB7C4744E0C.svg"/>
          </images>
        </page>
      </page>
      <page name="我的悬赏" ID="5A93CC69-6CA8-4F77-9E9E-0E6070D03858" expanded="False" code="GXc1cOXlwI" thumbCode="GXc1cOXlwI" status="psWhite" isfolder="False" isshownode="True">
        <images>
          <image key="1851334699A24A872953194B7F3E40D6.svg"/>
          <image key="8BE3C7AC8FBB1747163ECAB9AB46AD44.svg"/>
          <image key="91852B86E51F760894554368302F9800.svg"/>
        </images>
      </page>
      <page name="牵线搭桥" ID="0C0FF049-575E-E911-B6F5-DCA90488C48F" expanded="False" code="SXhIhBmI1U" thumbCode="8BHEJwWAnT" status="psWhite" isfolder="False" isshownode="True">
        <images>
          <image key="1851334699A24A872953194B7F3E40D6.svg"/>
          <image key="8BE3C7AC8FBB1747163ECAB9AB46AD44.svg"/>
          <image key="274F8E6597A0B62726A97F81B99D884E.svg"/>
          <image key="606A1CCA5FFE3E3A9E0C59A392DDEE4F.png"/>
          <image key="91852B86E51F760894554368302F9800.svg"/>
        </images>
        <page name="寻找匹配" ID="006AA56C-255F-E911-8D21-DCA90488C48F" expanded="True" code="YwbzG4O3FZ" thumbCode="YwbzG4O3FZ" status="psWhite" isfolder="False" isshownode="True">
          <images>
            <image key="1851334699A24A872953194B7F3E40D6.svg"/>
            <image key="8BE3C7AC8FBB1747163ECAB9AB46AD44.svg"/>
            <image key="274F8E6597A0B62726A97F81B99D884E.svg"/>
            <image key="606A1CCA5FFE3E3A9E0C59A392DDEE4F.png"/>
            <image key="91852B86E51F760894554368302F9800.svg"/>
          </images>
        </page>
        <page name="候选人资料1" ID="DAC7F049-575E-E911-B6F5-DCA90488C48F" expanded="False" code="6tsE89A3VD" thumbCode="nBWkVeSZwP" status="psWhite" isfolder="False" isshownode="True">
          <images>
            <image key="1851334699A24A872953194B7F3E40D6.svg"/>
            <image key="8BE3C7AC8FBB1747163ECAB9AB46AD44.svg"/>
            <image key="91852B86E51F760894554368302F9800.svg"/>
            <image key="84E43FD667F4EA128EEFBAD7B03B51F5.svg"/>
          </images>
        </page>
        <page name="候选人资料2" ID="94A78023-265F-E911-8D21-DCA90488C48F" expanded="False" code="YdHpul3owO" thumbCode="YdHpul3owO" status="psWhite" isfolder="False" isshownode="True">
          <images>
            <image key="1851334699A24A872953194B7F3E40D6.svg"/>
            <image key="8BE3C7AC8FBB1747163ECAB9AB46AD44.svg"/>
            <image key="91852B86E51F760894554368302F9800.svg"/>
            <image key="84E43FD667F4EA128EEFBAD7B03B51F5.svg"/>
          </images>
        </page>
      </page>
      <page name="汽车票" ID="4A044328-DEEA-4701-BDA1-165F9309E24E" expanded="True" code="gseUG9Qbgd" thumbCode="gseUG9Qbgd" status="psWhite" isfolder="False" isshownode="True">
        <images>
          <image key="1851334699A24A872953194B7F3E40D6.svg"/>
          <image key="8BE3C7AC8FBB1747163ECAB9AB46AD44.svg"/>
          <image key="91852B86E51F760894554368302F9800.svg"/>
          <image key="D771EB82AC394746C8D2986CD72B080E.svg"/>
        </images>
      </page>
      <page name="页面" ID="3061CB4E-4A5B-E911-8C18-DCA90488C48F" expanded="True" code="k5qoyu7p8m" thumbCode="k5qoyu7p8m" status="psWhite" isfolder="False" isshownode="True"/>
    </page>
    <page name="登录" ID="96B0DC6D-569F-432E-AC35-CED163C8A5E7" expanded="True" code="JpVBm9JgQf" thumbCode="m3SMGywYuv" status="psWhite" isfolder="False" isshownode="True">
      <images>
        <image key="1851334699A24A872953194B7F3E40D6.svg"/>
        <image key="8BE3C7AC8FBB1747163ECAB9AB46AD44.svg"/>
        <image key="606A1CCA5FFE3E3A9E0C59A392DDEE4F.png"/>
        <image key="91852B86E51F760894554368302F9800.svg"/>
      </images>
      <page name="手机快捷登录" ID="D77E96E0-A695-4435-8134-A67052B7E2F4" expanded="True" code="4L7DT4GJrs" thumbCode="bTooYHSPTu" status="psWhite" isfolder="False" isshownode="True">
        <images>
          <image key="1851334699A24A872953194B7F3E40D6.svg"/>
          <image key="8BE3C7AC8FBB1747163ECAB9AB46AD44.svg"/>
          <image key="C0279681994F324A54B3DB37939C8984.svg"/>
          <image key="91852B86E51F760894554368302F9800.svg"/>
        </images>
      </page>
    </page>
    <page name="订单" ID="A8CF070F-8E5D-4B12-BE18-A3B1E524DECB" expanded="True" code="qmFd9dKM3r" thumbCode="9qfzV2tk8l" status="psWhite" isfolder="False" isshownode="True">
      <images>
        <image key="1851334699A24A872953194B7F3E40D6.svg"/>
        <image key="2CE6BC69CA9B8025E1381E985CD78E64.png"/>
        <image key="606A1CCA5FFE3E3A9E0C59A392DDEE4F.png"/>
        <image key="FD7DD79F0BC024568CBAC3F36815299E.svg"/>
        <image key="46BE05D6127E6CCC0C8AE92AC3027C63.svg"/>
        <image key="91852B86E51F760894554368302F9800.svg"/>
      </images>
    </page>
  </pages>
  <masters/>
  <images>
    <image key="D1B2135231FBF3440EA9687E41D73196.svg"/>
    <image key="8FACD1A6DD0E0A1D0F90FF61845F4023.svg"/>
    <image key="E9BC305766B471DFFF8260E11E938D6D.svg"/>
    <image key="274F8E6597A0B62726A97F81B99D884E.svg"/>
    <image key="8BE3C7AC8FBB1747163ECAB9AB46AD44.svg"/>
    <image key="2CE6BC69CA9B8025E1381E985CD78E64.png"/>
    <image key="46BE05D6127E6CCC0C8AE92AC3027C63.svg"/>
    <image key="84E43FD667F4EA128EEFBAD7B03B51F5.svg"/>
    <image key="FF13A2B19CD46C223D9946FB8B96A233.svg"/>
    <image key="1851334699A24A872953194B7F3E40D6.svg"/>
    <image key="606A1CCA5FFE3E3A9E0C59A392DDEE4F.png"/>
    <image key="C0279681994F324A54B3DB37939C8984.svg"/>
    <image key="D9A6B48B1FEBA31C14CD8CB7C4744E0C.svg"/>
    <image key="2E967326C22523F5F084001B9F4E5BC7.svg"/>
    <image key="FD7DD79F0BC024568CBAC3F36815299E.svg"/>
    <image key="91852B86E51F760894554368302F9800.svg"/>
    <image key="AD5FC0E903036D7C7382E652B549B967.png"/>
    <image key="D771EB82AC394746C8D2986CD72B080E.svg"/>
    <image key="9E2074E408AE2704CDB7EA51B170AFB8.svg"/>
  </images>
</project>